3:10 To Yuma;James Mangold;2007;Bluelightspecial;;;;;;;;;;;;;;;;;;;;;;;;;;;;;;;;;;
8 1/2;Federico Fellini;1963;The Sigil of LLVVRR;Ophelia's Revenge;;;;;;;;;;;;;;;;;;;;;;;;;;;;;;;;;
9 To 5;Colin Higgins;1980;Ham Rove's Ghost;;;;;;;;;;;;;;;;;;;;;;;;;;;;;;;;;;
10 Cloverfield Lane;Dan Trachtenberg;2016;Owen1120;;;;;;;;;;;;;;;;;;;;;;;;;;;;;;;;;;
10 Things I Hate About You;Gil Junger;1999;DaughterofUhtred;Edgar Allan Hoe;VERB THE ADJECTIVE NOUN;;;;;;;;;;;;;;;;;;;;;;;;;;;;;;;;
12 Angry Men;Sidney Lumet;1957;Flubba Gunto;HobbesMk2;;;;;;;;;;;;;;;;;;;;;;;;;;;;;;;;;
12 Years A Slave;Steve McQueen;2013;HobbesMk2;;;;;;;;;;;;;;;;;;;;;;;;;;;;;;;;;;
13 Assassins;Takashi Miike;2010;Chuck Kloster Wallace;;;;;;;;;;;;;;;;;;;;;;;;;;;;;;;;;;
13 Going On 30;Gary Winick;2004;weaselsoup;;;;;;;;;;;;;;;;;;;;;;;;;;;;;;;;;;
20th Century Woman;Mike Mills;2016;Other Guy;;;;;;;;;;;;;;;;;;;;;;;;;;;;;;;;;;
24 Hour Party People;Michael Winterbottom;2002;AlanWilder;exexalien;;;;;;;;;;;;;;;;;;;;;;;;;;;;;;;;;
25th Hour;Spike Lee;2002;Tintin Quarantino;;;;;;;;;;;;;;;;;;;;;;;;;;;;;;;;;;
28 Days Later;Danny Boyle;2002;BannerThief;PRIVILEGED;Bobson Dunutt;Razz Matazz;;;;;;;;;;;;;;;;;;;;;;;;;;;;;;;
The 40-Year-Old Virgin;Judd Apatow;2005;The Prighlofone;;;;;;;;;;;;;;;;;;;;;;;;;;;;;;;;;;
101 Dalmatians;Clyde Geronimi, Hamilton Luske, and Wolfgang Reitherman;1961;BeardedPancakes;Bluelightspecial;;;;;;;;;;;;;;;;;;;;;;;;;;;;;;;;;
The 317th Platoon;Pierre Schoendoerffer;1965;romanes eunt domus;;;;;;;;;;;;;;;;;;;;;;;;;;;;;;;;;;
The 400 Blows;Francois Truffaut;1959;Eltneg;MattS;;;;;;;;;;;;;;;;;;;;;;;;;;;;;;;;;
1900;Bernardo Bertolucci;1976;Spiro Agnew;;;;;;;;;;;;;;;;;;;;;;;;;;;;;;;;;;
2001: A Space Odyssey;Stanley Kubrick;1968;Immortan Scott;Jaye Tyler;His Noodly Appendage;The Sigil of LLVVRR;Totalitarian Vegetables;Tereglith;ThingyBlahBlah3;Lovely Bones;LouieBlue;Aiwendil;exexalien;subsaharan;polly shouldn't be;Sy_Snootles_Is_Hot;;;;;;;;;;;;;;;;;;;;;
A.I. Artificial Intelligence;Steven Spielberg;2001;coffee_mug;;;;;;;;;;;;;;;;;;;;;;;;;;;;;;;;;;
Abbott And Costello Meet Frankenstein;Charles Barton;1948;exorcissy72;;;;;;;;;;;;;;;;;;;;;;;;;;;;;;;;;;
The Abyss;James Cameron;1989;The Fissure King;;;;;;;;;;;;;;;;;;;;;;;;;;;;;;;;;;
Adaptation;Spike Jonze;2002;Coolhand Fluke;;;;;;;;;;;;;;;;;;;;;;;;;;;;;;;;;;
The Adventures Of Baron Munchausen;Terry Gilliam;1988;romanes eunt domus;Chuck Koster Wallace;;;;;;;;;;;;;;;;;;;;;;;;;;;;;;;;;
The Adventures Of Buckaroo Banzai Across The 8th Dimension;W.D. Richter;1984;thad barkley;;;;;;;;;;;;;;;;;;;;;;;;;;;;;;;;;;
The Adventures Of Robin Hood;Michael Curtiz and William Keighley;1936;Beasterly;MattS;;;;;;;;;;;;;;;;;;;;;;;;;;;;;;;;;
After Hours;Martin Scorsese;1985;MattS;;;;;;;;;;;;;;;;;;;;;;;;;;;;;;;;;;
After Life;Hirokazu Koreeada;1998;Qaulifiersrep;;;;;;;;;;;;;;;;;;;;;;;;;;;;;;;;;;
Aguirre, The Wrath Of God;Werner Herzog;1972;Jason P;;;;;;;;;;;;;;;;;;;;;;;;;;;;;;;;;;
Airplane!;Jim Abrahams and David and Jerry Zucker;1980;OccasionalJonathan;MarkoP;Dikachu;Flubba Gunto;Spoonzer;Canadave87;Satan McVillain;Cop on the Edge-ish;;;;;;;;;;;;;;;;;;;;;;;;;;;
Akira;Katsuhiro Otomo;1988;Pauli;VERB THE ADJECTIVE NOUN;;;;;;;;;;;;;;;;;;;;;;;;;;;;;;;;;
Aladdin;Ron Clements and John Musker;1992;Flubba Gunto;bortman;Swampgas_Man;;;;;;;;;;;;;;;;;;;;;;;;;;;;;;;;
Ali: Fear Eats The Soul;Rainer Werner Fassbinder;1974;Jason P;;;;;;;;;;;;;;;;;;;;;;;;;;;;;;;;;;
Alien;Ridley Scott;1979;This Time, It's Personal!;Harvey Dent;Wes Lawson;Billy Everyteen;Corn;quietinstrumentals;hohodor;Refer Madness;Science is Bad;Starbuck;Professor Lavabot;Coolhand Fluke;emmelemm;Jimmy James, MBDW;Dan Pierce;Girard;polly shouldn't be;Captain Dada;;;;;;;;;;;;;;;;;
Aliens;James Cameron;1986;This Time, It's Personal!;Sheltie;TaumpyTearrs;Krellis;Lockeout;Disgruntled Goat;Monkeylint;Pauli;AlanWilder;Professor Lavabot;Joey Blowey;Buck Dharma Initiative;blackmoon eleven;El Marinero;Ben;insidemyhead;emmelemm;brocked;;;;;;;;;;;;;;;;;
All About Eve;Joseph L. Mankiewicz;1950;Other Guy;A Dopehead in a Cubs Cap;;;;;;;;;;;;;;;;;;;;;;;;;;;;;;;;;
All The President's Men;Alan J. Pakula;1976;Corn;;;;;;;;;;;;;;;;;;;;;;;;;;;;;;;;;;
Almost Famous;Cameron Crowe;2000;Zkywalker;Sheriff Lobo;KGB;Just Ask This Scientician;;;;;;;;;;;;;;;;;;;;;;;;;;;;;;;
Altered States;Ken Russell;1980;longbox jockey;;;;;;;;;;;;;;;;;;;;;;;;;;;;;;;;;;
Amadeus;Milos Forman;1984;Manuel Faces;CineCraft;;;;;;;;;;;;;;;;;;;;;;;;;;;;;;;;;
Amarcord;Federico Fellini;1973;Captain Dada;Max_Jets;;;;;;;;;;;;;;;;;;;;;;;;;;;;;;;;;
Amelie;Jean-Pierre Jeunet;2001;Jaye Tyler;;;;;;;;;;;;;;;;;;;;;;;;;;;;;;;;;;
American Graffiti;George Lucas;1973;Pops Freshenmeyer;Captain Dada;;;;;;;;;;;;;;;;;;;;;;;;;;;;;;;;;
American Psycho;Mary Harron;2000;BannerThief;;;;;;;;;;;;;;;;;;;;;;;;;;;;;;;;;;
An American Werewolf In London;John Landis;1981;BeardedPancakes;hohodor;;;;;;;;;;;;;;;;;;;;;;;;;;;;;;;;;
Anand;Hrishikesh Mukherjee;1971;Sandwich Tunes;;;;;;;;;;;;;;;;;;;;;;;;;;;;;;;;;;
Anchorman;Adam McKay;2004;Jeff Mangum Dong;;;;;;;;;;;;;;;;;;;;;;;;;;;;;;;;;;
Andrei Rublev;Andrei Tarkovsky;1966;fenton;Girard;;;;;;;;;;;;;;;;;;;;;;;;;;;;;;;;;
Angel Heart;Alan Parker;1987;Buck Dharma Initiative;;;;;;;;;;;;;;;;;;;;;;;;;;;;;;;;;;
Angst;Gerald Kargl;1983;Bresson's Windmill Farms;;;;;;;;;;;;;;;;;;;;;;;;;;;;;;;;;;
Angus;Patrick Read Johnson;1995;Werdup;;;;;;;;;;;;;;;;;;;;;;;;;;;;;;;;;;
Annie Hall;Woody Allen;1977;Captain Dada;;;;;;;;;;;;;;;;;;;;;;;;;;;;;;;;;;
Antonia's Line;Marleen Gorris;1995;Spituna;;;;;;;;;;;;;;;;;;;;;;;;;;;;;;;;;;
The Apartment;Billy Wilder;1960;Matt Scanlon;Elliot Thomas;Sheriff Lobo;Just Ask This Scientician;I Am A Cyentist;Ophelia's Revenge;intangible fancy;Qualifiersrep;;;;;;;;;;;;;;;;;;;;;;;;;;;
Apocalypse Now;Francis Ford Coppola;1979;Sheltie;BeardedPancakes;Captain Video;Councilman_Les_Wynan;LJo1;ThingyBlahBlah3;Refer Madness;ImpossibleTreeSloth;InnDE;worker 201;HiKermie;phillsportsfan;;;;;;;;;;;;;;;;;;;;;;;
Army Of Darkness;Sam Raimi;1992;Satan McVillain;;;;;;;;;;;;;;;;;;;;;;;;;;;;;;;;;;
Army Of Shadows;Jean-Pierre Melville;1969;kevzero;intangible fancy;;;;;;;;;;;;;;;;;;;;;;;;;;;;;;;;;
Arrival;Denis Villeneuve;2016;Bluelightspecial;Zach and Coke;Bobson Dugnutt;Jackie O Shades;;;;;;;;;;;;;;;;;;;;;;;;;;;;;;;
Arsenic And Old Lace;Frank Capra;1944;bmoore4026;;;;;;;;;;;;;;;;;;;;;;;;;;;;;;;;;;
Arthur Christmas;Sarah Smith;2011;Tereglith;;;;;;;;;;;;;;;;;;;;;;;;;;;;;;;;;;
Ashes And Diamonds;Andrzej Wajda;1958;fenton;Bresson's Windmill Farms;;;;;;;;;;;;;;;;;;;;;;;;;;;;;;;;;
Ashes Of Time;Wong Kar-Wai;1994;thad barkley;;;;;;;;;;;;;;;;;;;;;;;;;;;;;;;;;;
The Assassin;Hou Hsiao-hsien;2015;Chuck Kloster Wallace;;;;;;;;;;;;;;;;;;;;;;;;;;;;;;;;;;
Assault On Precint 13;John Carpenter;1976;This Time, It's Personal!;Shugah;;;;;;;;;;;;;;;;;;;;;;;;;;;;;;;;;
Atanarjuat: The Fast Runner;Zacharias Kunuk;2001;Spituna;;;;;;;;;;;;;;;;;;;;;;;;;;;;;;;;;;
Auntie Mame;Morton DaCosta;1958;A Dopehead in a Cubs Cap;;;;;;;;;;;;;;;;;;;;;;;;;;;;;;;;;;
The Avengers;Joss Whedon;2012;Blargg;;;;;;;;;;;;;;;;;;;;;;;;;;;;;;;;;;
Avengers: Age Of Ultron;Joss Whedon;2015;Toasterlad;;;;;;;;;;;;;;;;;;;;;;;;;;;;;;;;;;
Baahubali: The Conclusion;S.S. Rajamouli;2017;Future-ex Mrs. Malcolm;;;;;;;;;;;;;;;;;;;;;;;;;;;;;;;;;;
The Babadook;Jennifer Kent;2014;Totalitarian Vegetables;;;;;;;;;;;;;;;;;;;;;;;;;;;;;;;;;;
Baby Driver;Edgar Wright;2017;Zach and Coke;;;;;;;;;;;;;;;;;;;;;;;;;;;;;;;;;;
Back To The Future;Robert Zemeckis;1985;Whovian;Zkywalker;Tereglith;TheCleverGuy;MisterSplendiferous;Spoonzer;Pops Freshenmeyer;Mustard Of Doom;Gougagna;Simon DelMonte;Professor Lavabot;Raven Wilder;Cop on the Edge-ish;Ifwewait;Ben;The Pho;itbegins2005;insidemyhead;Dan Pierce;;;;;;;;;;;;;;;;
Back To The Future Part II;Robert Zemeckis;1989;Raven Wilder;;;;;;;;;;;;;;;;;;;;;;;;;;;;;;;;;;
Badlands;Terrence Malick;1973;Corporal Hicks;The BabaDuke;;;;;;;;;;;;;;;;;;;;;;;;;;;;;;;;;
Barcelona;Whit Stillman;1994;Israeli Remake of Montypark;;;;;;;;;;;;;;;;;;;;;;;;;;;;;;;;;;
Barry Lyndon;Stanley Kubrick;1975;A Talking Banana!?!;Tintin Quarantino;phillysportsfan;gogiggs;;;;;;;;;;;;;;;;;;;;;;;;;;;;;;;
Barton Fink;Joel and Ethan Coen;1991;WilhelmWolff;;;;;;;;;;;;;;;;;;;;;;;;;;;;;;;;;;
Batman;Tim Burton;1989;Great Boos Up;longbox jockey;;;;;;;;;;;;;;;;;;;;;;;;;;;;;;;;;
Batman: Mask Of The Phantasm;Eric Radomski and Bruce Timm;1993;Tavernacle;longbox jockey;Starbuck;LibraryLass;;;;;;;;;;;;;;;;;;;;;;;;;;;;;;;
Batman: The Movie;Leslie H. Martinson;1966;Werdup;;;;;;;;;;;;;;;;;;;;;;;;;;;;;;;;;;
The Battle Of Algiers;Gillo Pontecorvo;1967;fenton;Robert Maitland, Architect;Mindymoo;WM;ImpossibleTreeSloth;Eltneg;Spiro Agnew;;;;;;;;;;;;;;;;;;;;;;;;;;;;
Battle Royale;Kinji Fukasaku;2000;Mustard Of Doom;;;;;;;;;;;;;;;;;;;;;;;;;;;;;;;;;;
Battleship Potemkin;Sergei Eisenstein;1925;Laszlo Panaflex;;;;;;;;;;;;;;;;;;;;;;;;;;;;;;;;;;
Beasts Of The Southern Wild;Benh Zeitlin;2012;Awesome to the Mad Max;;;;;;;;;;;;;;;;;;;;;;;;;;;;;;;;;;
Beauty And The Beast;Gary Trousdale and Kirk Wise;1991;Krellis;Side Character;Beasterly;sagittariuskim;VERB THE ADJECTIVE NOUN;Annanomally;bmoore4026;;;;;;;;;;;;;;;;;;;;;;;;;;;;
The Before trilogy;Richard Linklater;1995-2013;The Fissure King;;;;;;;;;;;;;;;;;;;;;;;;;;;;;;;;;;
Before Sunrise;Richard Linklater;1995;Sheriff Lobo;;;;;;;;;;;;;;;;;;;;;;;;;;;;;;;;;;
Before Sunset;Richard Linklater;2004;Sheriff Lobo;mcquack;Destroy Him My Robots;;;;;;;;;;;;;;;;;;;;;;;;;;;;;;;;
Being John Malkovich;Spike Jonze;1999;SilentSpy;Ham Rove's Ghost;intangible fancy;;;;;;;;;;;;;;;;;;;;;;;;;;;;;;;;
Being There;Hal Ashby;1979;HiKermie;;;;;;;;;;;;;;;;;;;;;;;;;;;;;;;;;;
Best In Show;Christopher Guest;2000;Ham Rove's Ghost;;;;;;;;;;;;;;;;;;;;;;;;;;;;;;;;;;
The Best Years Of Our Lives;William Wyler;1946;CineCraft;intangible fancy;;;;;;;;;;;;;;;;;;;;;;;;;;;;;;;;;
Bicycle Thieves;Vittorio De Sica;1948;AlanWilder;quietinstrumentals;man-in-the-moon-man;;;;;;;;;;;;;;;;;;;;;;;;;;;;;;;;
The Big Chill;Lawrence Kasdan;1983;Ribbon Clerk;;;;;;;;;;;;;;;;;;;;;;;;;;;;;;;;;;
The Big Lebowski;Joel and Ethan Coen;1998;Doctor Nick;Zach and Coke;KGB;Billy Everyteen;Chicken of Tomorrow;Mindymoo;Pops Freshenmeyer;bortman;ThingyBlahBlah3;Refer Madness;Ben Grimm;Professor Lavabot;SeedyC;My Pen!;Joey Blowey;clem;CheeseWizard;JonHamm'sJohnHam;The Landstander;enuma;jroberts548;Adrian Pimento;El Marchko;norma jean monster;intangible fancy;WilhelmWolff;;;;;;;;;
The Big Sleep;Howard Hawks;1946;romanes eunt domus;Robert Maitland, Architect;;;;;;;;;;;;;;;;;;;;;;;;;;;;;;;;;
Big Trouble In Little China;John Carpenter;1986;Trance;VERB THE ADJECTIVE NOUN;Cop on the Edge-ish;thad barkley;Jimmy James, MBDW;brocked;;;;;;;;;;;;;;;;;;;;;;;;;;;;;
Bill & Ted's Excellent Adventure;Stephen Herek;1989;Trance;;;;;;;;;;;;;;;;;;;;;;;;;;;;;;;;;;
The Birdcage;Mike Nichols;1996;Other Guy;;;;;;;;;;;;;;;;;;;;;;;;;;;;;;;;;;
Birdman;Alejandro Gonzalez Inarritu;2014;Doctor Nick;The Thin White Duke;ItsCalledTheToddProblem;Dr Orchid;;;;;;;;;;;;;;;;;;;;;;;;;;;;;;;
Black Christmas;Bob Clark;1974;Shugah;;;;;;;;;;;;;;;;;;;;;;;;;;;;;;;;;;
Black Dynamite;Scott Sanders;2009;Flesh;GoochExtension;Razz Matazz;;;;;;;;;;;;;;;;;;;;;;;;;;;;;;;;
Black Robe;Bruce Beresford;1991;Awesome to the Mad Max;;;;;;;;;;;;;;;;;;;;;;;;;;;;;;;;;;
Blade Runner;Ridley Scott;1982;allstonwolfspider;Harvey Dent;Uncanny Valet;Future-ex Mrs. Malcolm;MarkoP;AlanWilder;Chicken of Tomorrow;Corn;The Fissure King;clem;Eltneg;CheeseWizard;TheNotoriousWIG;subsaharan;Jimmy James, MBDW;Laszlo Panaflex;polly shouldn't be;Ophelia's Revenge;;;;;;;;;;;;;;;;;
Blade Runner 2049;Denis Villeneuve;2017;Captain Video;Zach and Coke;Starbuck;;;;;;;;;;;;;;;;;;;;;;;;;;;;;;;;
Blazing Saddles;Mel Brooks;1974;Dikachu;Other Guy;Pops Freshenmeyer;The Landstander;Cop on the Edge-ish;Biff;Tintin Quarantino;;;;;;;;;;;;;;;;;;;;;;;;;;;;
Blood Simple;Joel and Ethan Coen;1984;Jeff Mangum Dong;;;;;;;;;;;;;;;;;;;;;;;;;;;;;;;;;;
Blowup;Michelangelo Antonioni;1966;kevzero;;;;;;;;;;;;;;;;;;;;;;;;;;;;;;;;;;
Blue Ruin;Jeremy Saulnier;2013;fenton;;;;;;;;;;;;;;;;;;;;;;;;;;;;;;;;;;
Blue Velvet;David Lynch;1986;Elliot Thomas;The Thin White Duke;A Talking Banana!?!;Mindymoo;hohodor;Buck Dharma Initiative;;;;;;;;;;;;;;;;;;;;;;;;;;;;;
The Blues Brothers;John Landis;1980;PowerThirteen;Krellis;His Noodly Appendage;JonHamm'sJohnHam;adam farrar;;;;;;;;;;;;;;;;;;;;;;;;;;;;;;
Boogie Nights;Paul Thomas Anderson;1997;scrappybilly;Wes Lawson;Disgruntled Goat;KGB;LJo1;Buck Dharma Initiative;Ham Rove's Ghost;norma jean monster;;;;;;;;;;;;;;;;;;;;;;;;;;;
Das Boot;Wolfgang Peterson;1981;Chico McDirk;;;;;;;;;;;;;;;;;;;;;;;;;;;;;;;;;;
Bottle Rocket;Wes Anderson;1996;worker201;;;;;;;;;;;;;;;;;;;;;;;;;;;;;;;;;;
The Bourne trilogy;Paul Greenglass and Doug Liman;2002-2007;Eltneg;;;;;;;;;;;;;;;;;;;;;;;;;;;;;;;;;;
The Bourne Ultimatum;Paul Greenglass;2007;errday;;;;;;;;;;;;;;;;;;;;;;;;;;;;;;;;;;
The Boy Friend;Ken Russell;1971;Bresson's Windmill Farms;;;;;;;;;;;;;;;;;;;;;;;;;;;;;;;;;;
Boyhood;Richard Linklater;2014;The Prighlofone;Dr Orchid;;;;;;;;;;;;;;;;;;;;;;;;;;;;;;;;;
Branded To Kill;Seijun Suzuki;1967;thad barkley;;;;;;;;;;;;;;;;;;;;;;;;;;;;;;;;;;
Braveheart;Mel Gibson;1995;Captain Dada;;;;;;;;;;;;;;;;;;;;;;;;;;;;;;;;;;
Brazil;Terry Gilliam;1985;Totalitarian Vegetables;Mindymoo;Pops Freshenmeyer;Chico McDirk;Refer Madness;clem;WaldoJeffers;exorcissy72;man-in-the-moon-man;Girard;Max_Jets;;;;;;;;;;;;;;;;;;;;;;;;
The Breakfast Club;John Hughes;1985;Zkywalker;;;;;;;;;;;;;;;;;;;;;;;;;;;;;;;;;;
Breaking The Waves;Lars von Trier;1996;I Am A Cyentist;;;;;;;;;;;;;;;;;;;;;;;;;;;;;;;;;;
Breathless;Jean-Luc Godard;1960;I Am A Cyentist;;;;;;;;;;;;;;;;;;;;;;;;;;;;;;;;;;
Brick;Rian Johnson;2005;Zeussical;Pulprobot;Corn;;;;;;;;;;;;;;;;;;;;;;;;;;;;;;;;
Bridesmaids;Paul Feig;2011;Max_Jets;;;;;;;;;;;;;;;;;;;;;;;;;;;;;;;;;;
The Bridge On The River Kwai;David Lean;1957;Corporal Hicks;RobertPostsChild;Simon DelMonte;Emperor Snapper;;;;;;;;;;;;;;;;;;;;;;;;;;;;;;;
Bring Me The Head Of Alfredo Garcia;Sam Peckinpah;1974;The BabaDuke;;;;;;;;;;;;;;;;;;;;;;;;;;;;;;;;;;
Bringing Up Baby;Howard Hawks;1938;Mustard Of Doom;worker201;;;;;;;;;;;;;;;;;;;;;;;;;;;;;;;;;
Broadcast News;James L. Brooks;1987;Just Ask This Scientician;;;;;;;;;;;;;;;;;;;;;;;;;;;;;;;;;;
Burn After Reading;Joel and Ethan Coen;2008;WilhelmWolff;;;;;;;;;;;;;;;;;;;;;;;;;;;;;;;;;;
Butch Cassidy And The Sundance Kid;George Roy Hill;1969;Jaye Tyler;El Marinero;SocksForBoomer;;;;;;;;;;;;;;;;;;;;;;;;;;;;;;;;
Cabaret;Bob Fosse;1972;LJo1;A Dopehead in a Cubs Cab;;;;;;;;;;;;;;;;;;;;;;;;;;;;;;;;;
The Cabin In The Woods;Drew Goddard;2012;allstonwolfspider;Satan McVillain;El Marinero;Toasterlad;;;;;;;;;;;;;;;;;;;;;;;;;;;;;;;
The Cabinet Of Dr. Caligari;Robert Wiene;1920;Manuel Faces;;;;;;;;;;;;;;;;;;;;;;;;;;;;;;;;;;
Cache;Michael Haneke;2005;PeaceNickel;;;;;;;;;;;;;;;;;;;;;;;;;;;;;;;;;;
Call Me By Your Name;Luca Guadagino;2017;Edgar Allan Hoe;;;;;;;;;;;;;;;;;;;;;;;;;;;;;;;;;;
Calvary;John Michael McDonagh;2014;The Prighlofone;;;;;;;;;;;;;;;;;;;;;;;;;;;;;;;;;;
Cannibal! The Musical;Trey Parker;1993;Satan McVillain;;;;;;;;;;;;;;;;;;;;;;;;;;;;;;;;;;
Captain America: Civil War;Anthony and Joe Russo;2016;Doctor Nick;Owen1120;TheCleverGuy;;;;;;;;;;;;;;;;;;;;;;;;;;;;;;;;
Captain America: The Winter Soldier;Anthony and Joe Russo;2014;Lockeout;Spoonzer;Platformula;blackmoon eleven;Werdup;;;;;;;;;;;;;;;;;;;;;;;;;;;;;;
Casablanca;Michael Curtiz;1942;Wallis Lane;Doctor Nick;romanes eunt domus;Wes Lawson;His Noodly Appendage;Billy Everyteen;Pops Freshenmeyer;bortman;ArchieLeech;ImpossibleTreeSloth;Simon DelMonte;Beasterly;LouieBlue;The Landstander;Cop on the Edge-ish;Jason P;El Santo;adam farrar;Poseur;Destroy Him My Robots;exorcissy72;Dr Orchid;man-in-the-moon-man;Swampgas_Man;Adrian Pimento;gogiggs;Ophelia's Revenge;Sy_Snootles_Is_Hot;;;;;;;
Casino Royale;Martin Campbell;2006;BannerThief;dw;;;;;;;;;;;;;;;;;;;;;;;;;;;;;;;;;
Castle In The Sky;Hayao Miyizaki;1986;Zeussical;Bobson Dugnutt;;;;;;;;;;;;;;;;;;;;;;;;;;;;;;;;;
Cave Of Forgotten Dreams;Werner Herzog;2010;Megara Justice Machine;;;;;;;;;;;;;;;;;;;;;;;;;;;;;;;;;;
Cemetery Of Splendor;Apichatpong Weerasethakul;2015;Megara Justice Machine;;;;;;;;;;;;;;;;;;;;;;;;;;;;;;;;;;
Children Of Men;Alfonso Cuaron;2006;PRIVILEGED;scrappybilly;Pulprobot;Wes Lawson;SingingBrakeman;Bulldada;Sandwich Tunes;Monkeylint;Pauli;RiverSong;The Fissure King;Razz Matazz;NUME;clem;enuma;TheNotoriousWIG;Dr Orchid;subsaharan;brocked;Aranaktu;;;;;;;;;;;;;;;
Children Of Paradise;Marcel Carne;1945;The Sigil of LLVVRR;;;;;;;;;;;;;;;;;;;;;;;;;;;;;;;;;;
Chimes At Midnight;Orson Welles;1965;Bresson's Windmill Farms;;;;;;;;;;;;;;;;;;;;;;;;;;;;;;;;;;
Chinatown;Roman Polanski;1974;WM;ThingyBlahBlah3;Eltneg;gogiggs;;;;;;;;;;;;;;;;;;;;;;;;;;;;;;;
A Chinese Ghost Story;Ching Siu-Tung;1987;Destory Him My Robots;;;;;;;;;;;;;;;;;;;;;;;;;;;;;;;;;;
Christine;John Carpenter;1983;Captain Dada;;;;;;;;;;;;;;;;;;;;;;;;;;;;;;;;;;
A Christmas Story;Bob Clark;1983;WaldoJeffers;;;;;;;;;;;;;;;;;;;;;;;;;;;;;;;;;;
Christmas Vacation;Jeremiah Chechick;1989;Raven Wilder;;;;;;;;;;;;;;;;;;;;;;;;;;;;;;;;;;
Chungking Express;Wong Kar-Wai;1994;Israeli Remake of Montypark;;;;;;;;;;;;;;;;;;;;;;;;;;;;;;;;;;
Cinderella;Clyde Geronimi, Wilfrid Jackson, and Hamilton Luske;1950;bmoore4026;;;;;;;;;;;;;;;;;;;;;;;;;;;;;;;;;;
Cinema Paradiso;Giuseppe Tornatore;1988;Wes Lawson;Chico McDirk;LouieBlue;;;;;;;;;;;;;;;;;;;;;;;;;;;;;;;;
Citizen Dog;Wisit Sasanatieng;2004;thad barkley;;;;;;;;;;;;;;;;;;;;;;;;;;;;;;;;;;
Citizen Kane;Orson Welles;1941;Immortan Scott;Elliot Thomas;Tavernacle;Wallis Lane;Manuel Faces;Mirage;AlternativeUsername;ArchieLeech;Science is Bad;Megara Justice Machine;adam farrar;itbegins2005;I Am A Cyentist;man-in-the-moon-man;Swampgas_Man;Jimmy James, MBDW;phillysportsfan;polly shouldn't be;Ophelia's Revenge;intangible fancy;Captain Dada;;;;;;;;;;;;;;
City Lights;Charles Chaplin;1931;Manuel Faces;The Thin White Duke;;;;;;;;;;;;;;;;;;;;;;;;;;;;;;;;;
City Of God;Fernando Meirelles;2002;A Winged Potato;Matt Scanlon;Eltneg;Emperor Snapper;WaldoJeffers;subsaharan;;;;;;;;;;;;;;;;;;;;;;;;;;;;;
The Civil War;Ken Burns;1990;CineCraft;;;;;;;;;;;;;;;;;;;;;;;;;;;;;;;;;;
Cleo From 5 To 7;Agnes Varda;1962;quietinstrumentals;;;;;;;;;;;;;;;;;;;;;;;;;;;;;;;;;;
Clockers;Spike Lee;1995;subsaharan;;;;;;;;;;;;;;;;;;;;;;;;;;;;;;;;;;
A Clockwork Orange;Stanley Kubrick;1971;Whovian;Disgruntled Goat;Chicken of Tomorrow;LJo1;Refer Madness;Jackie O Shades;Jimmy James, MBDW;Aranaktu;;;;;;;;;;;;;;;;;;;;;;;;;;;
Close Encounters Of The Third Kind;Steven Spielberg;1977;Israeli Remake of Montypark;coffee_mug;;;;;;;;;;;;;;;;;;;;;;;;;;;;;;;;;
Cloud Atlas;Tom Tyker and Lana and Lilly Wachowski;2012;Promethea;Tereglith;Starbuck;LibraryLass;;;;;;;;;;;;;;;;;;;;;;;;;;;;;;;
Clue;Jonathan Lynn;1985;Raven Wilder;blackmoon eleven;Grumproro;MattS;;;;;;;;;;;;;;;;;;;;;;;;;;;;;;;
Clueless;Amy Heckerling;1995;Corporal Hicks;KGB;Edgar Allan Hoe;WM;Mustard Of Doom;Israeli Remake of Montypark;LibraryLass;sagittariuskim;Jackie O Shades;;;;;;;;;;;;;;;;;;;;;;;;;;
Cold Comfort Farm;John Schlesinger;1995;RobertPostsChild;;;;;;;;;;;;;;;;;;;;;;;;;;;;;;;;;;
Colonel Redl;Istvan Szabo;1985;Spiro Agnew;;;;;;;;;;;;;;;;;;;;;;;;;;;;;;;;;;
Colossal;Nacho Vigalondo;2016;Owen1120;;;;;;;;;;;;;;;;;;;;;;;;;;;;;;;;;;
Come And See;Elem Klimov;1985;Sheltie;Girard;;;;;;;;;;;;;;;;;;;;;;;;;;;;;;;;;
Companeros;Sergio Corbucci;1970;thad barkley;;;;;;;;;;;;;;;;;;;;;;;;;;;;;;;;;;
Conan The Barbarian;John Milius;1982;Chuck Kloster Wallace;;;;;;;;;;;;;;;;;;;;;;;;;;;;;;;;;;
Contact;Robert Zemeckis;1997;Science is Bad;Jimmy James, MBDW;;;;;;;;;;;;;;;;;;;;;;;;;;;;;;;;;
The Conversation;Francis Ford Coppola;1974;The Thin White Duke;Spiro Agnew;polly shouldn't be;;;;;;;;;;;;;;;;;;;;;;;;;;;;;;;;
Cool Hand Luke;Stuart Rosenberg;1967;KGB;LJo1;Biff;;;;;;;;;;;;;;;;;;;;;;;;;;;;;;;;
Cosmopolis;David Cronenberg;2012;Cigarette;;;;;;;;;;;;;;;;;;;;;;;;;;;;;;;;;;
Cries And Whispers;Ingmar Bergman;1972;My Pen!;;;;;;;;;;;;;;;;;;;;;;;;;;;;;;;;;;
Crouching Tiger, Hidden Dragon;Ang Lee;2000;Side Character;Cigarette;Bobson Dugnutt;;;;;;;;;;;;;;;;;;;;;;;;;;;;;;;;
Crumb;Terry Zwigoff;1994;Tintin Quarantino;coffee_mug;;;;;;;;;;;;;;;;;;;;;;;;;;;;;;;;;
Daisies;Vera Chytilova;1966;Bresson's Windmill Farms;;;;;;;;;;;;;;;;;;;;;;;;;;;;;;;;;;
Damsels In Distress;Whit Stillman;2011;worker201;;;;;;;;;;;;;;;;;;;;;;;;;;;;;;;;;;
Dark City;Alex Proyas;1998;A Winged Potato;SingingBrakeman;GoochExtension;Jason P;;;;;;;;;;;;;;;;;;;;;;;;;;;;;;;
The Dark Knight;Christopher Nolan;2008;Blargg;DaughterofUhtred;Spoonzer;Pauli;AlanWilder;How to Get Away with Mordor;NUME;InnDE;errday;JonHamm'sJonHam;El Marinero;TheNotoriousWIG;Coolhand Fluke;itbegins2005;Jeff Mangum Dong;;;;;;;;;;;;;;;;;;;;
Dawn Of The Dead;George A. Romero;1978;Captain Video;MisterSplendiferous;coffee_mug;;;;;;;;;;;;;;;;;;;;;;;;;;;;;;;;
Dawn Of The Dead;Zack Snyder;2004;emmelemm;;;;;;;;;;;;;;;;;;;;;;;;;;;;;;;;;;
Days Of Heaven;Terrence Malick;1978;ImpossibleTreeSloth;;;;;;;;;;;;;;;;;;;;;;;;;;;;;;;;;;
Dazed And Confused;Richard Linklater;1993;PRIVILEGED;PowerThirteen;Fat Mortician;;;;;;;;;;;;;;;;;;;;;;;;;;;;;;;;
Dead Alive;Peter Jackson;1992;My Pen!;;;;;;;;;;;;;;;;;;;;;;;;;;;;;;;;;;
Dead Leaves;Hiroyuki Imaishi;2004;Flesh;;;;;;;;;;;;;;;;;;;;;;;;;;;;;;;;;;
Dead Man;Jim Jarmusch;1995;OccasionalJonathan;;;;;;;;;;;;;;;;;;;;;;;;;;;;;;;;;;
The Dead Zone;David Cronenberg;1983;Joey Blowey;;;;;;;;;;;;;;;;;;;;;;;;;;;;;;;;;;
The Death Of Empedocles;Jean-Marie Straub and Daniele Huillet;1987;Freakynought;;;;;;;;;;;;;;;;;;;;;;;;;;;;;;;;;;
Death Proof;Quentin Tarantino;2007;Starbuck;;;;;;;;;;;;;;;;;;;;;;;;;;;;;;;;;;
The Delicate Art Of Parking;Trent Carlson;2003;Gougagna;;;;;;;;;;;;;;;;;;;;;;;;;;;;;;;;;;
The Departed;Martin Scorsese;2006;Refer Madness;Awesome to the Mad Max;WilhelmWolff;;;;;;;;;;;;;;;;;;;;;;;;;;;;;;;;
Die Hard;John McTiernan;1988;Whovian;lutair;Uncanny Valet;Future-ex Mrs. Malcolm;Zkywalker;Rex Banner;TheCleverGuy;AlternativeUsername;Just Ask This Scientician;Flesh;SeedyC;HobbesMk2;SlamAdams;El Marinero;Cop on the Edge-ish;Ifwewait;Ben;The Pho;Biff;HiKermie;Adrian Pimento;norma jean monster;;;;;;;;;;;;;
Dig!;Ondi Timoner;2004;El Marchko;;;;;;;;;;;;;;;;;;;;;;;;;;;;;;;;;;
Dirty Dancing;Emile Ardolino;1987;Grumproro;;;;;;;;;;;;;;;;;;;;;;;;;;;;;;;;;;
Dirty Harry;Don Siegel;1971;LJo1;;;;;;;;;;;;;;;;;;;;;;;;;;;;;;;;;;
Do The Right Thing;Spike Lee;1989;Harvey Dent;The Prighlofone;mcquack;quietinstrumentals;A Dopehead in a Cubs Cap;;;;;;;;;;;;;;;;;;;;;;;;;;;;;;
Doctor Zhivago;David Lean;1965;Tintin Quarantino;;;;;;;;;;;;;;;;;;;;;;;;;;;;;;;;;;
Dog Day Afternoon;Sidney Lumet;1975;Shugah;;;;;;;;;;;;;;;;;;;;;;;;;;;;;;;;;;
A Dog's Will;Guel Arraes;2000;Spituna;;;;;;;;;;;;;;;;;;;;;;;;;;;;;;;;;;
Dogville;Lars von Trier;2003;weaselsoup;;;;;;;;;;;;;;;;;;;;;;;;;;;;;;;;;;
La Dolce Vita;Federico Fellini;1960;A Talking Banana!?!;Ophelia's Revenge;;;;;;;;;;;;;;;;;;;;;;;;;;;;;;;;;
Don't Tell Mom The Babysitter's Dead;Stephen Herek;1991;ItsCalledTheToddProblem;;;;;;;;;;;;;;;;;;;;;;;;;;;;;;;;;;
Double Indemnity;Billy Wilder;1944;HobbesMk2;Dr. Julius Tonberry;SocksForBoomer;;;;;;;;;;;;;;;;;;;;;;;;;;;;;;;;
Dr. Strangelove;Stanley Kubrick;1964;allstonwolfspider;Wallis Lane;Totalitarian Vegetables;Bulldada;AlternativeUsername;longbox jockey;RobertPostsChild;Canadave87;Spituna;How to Get Away with Mordor;Aiwendil;kevzero;The Landstander;Coolhand Fluke;man-in-the-moon-man;Jackie O Shades;El Marchko;Jeff Mangum Dong;Aranaktu;molly man;intangible fancy;Sy_Snootles_Is_Hot;PeaceNickel;;;;;;;;;;;;
Drive;Nicolas Winding Refn;2011;OccasionalJonathan;MisterSplendiferous;SlamAdams;;;;;;;;;;;;;;;;;;;;;;;;;;;;;;;;
Drop Dead Gorgeous;Michael Patrick Jann;1999;Aoqi888;sagittariuskim;;;;;;;;;;;;;;;;;;;;;;;;;;;;;;;;;
Duck Soup;Leo McCarey;1933;mcquack;Aiwendil;man-in-the-moon-man;Swampgas_Man;Tintin Quarantino;;;;;;;;;;;;;;;;;;;;;;;;;;;;;;
Dumb And Dumber;Bobby and Peter Farrelly;1994;MisterSplendiferous;NUME;;;;;;;;;;;;;;;;;;;;;;;;;;;;;;;;;
Dunkirk;Christopher Nolan;2017;Zach and Coke;RiverSong;;;;;;;;;;;;;;;;;;;;;;;;;;;;;;;;;
Durian Durian;Fruit Chan;2000;fenton;;;;;;;;;;;;;;;;;;;;;;;;;;;;;;;;;;
E.T. The Extra-Terrestrial;Steven Spielberg;1982;Elliot Thomas;Zkywalker;;;;;;;;;;;;;;;;;;;;;;;;;;;;;;;;;
Eat Drink Man Woman;Ang Lee;1994;Platformula;;;;;;;;;;;;;;;;;;;;;;;;;;;;;;;;;;
Ed Wood;Tim Burton;1994;BeardedPancakes;;;;;;;;;;;;;;;;;;;;;;;;;;;;;;;;;;
Edge Of Tomorrow;Doug Liman;2014;Uncanny Valet;;;;;;;;;;;;;;;;;;;;;;;;;;;;;;;;;;
Elephant;Gus Van Sant;2003;mcquack;;;;;;;;;;;;;;;;;;;;;;;;;;;;;;;;;;
The Emperor's New Groove;Mark Dindal;2000;Tavernacle;Simon DelMonte;;;;;;;;;;;;;;;;;;;;;;;;;;;;;;;;;
The Empire Strikes Back;Irvin Kershner;1980;Whovian;Gilles De Raisin Bran;Sheltie;Harvey Dent;Uncanny Valet;Pulprobot;Councilman_Les_Wynan;bluelightspecial;Rex Banner;Blargg;Tereglith;Bulldada;Dikachu;Sandwich Tunes;Monkeylint;Spoonzer;hohodor;Ben Grimm;How to Get Away with Mordor;Joey Blowey;InnDE;clem;LouieBlue;CheeseWizard;blackmoon eleven;Cop on the Edge-ish;Ifwewait;enuma;TheNotoriousWIG;Swampgas_Man;Adrian Pimento;emmelemm;Werdup;WilhelmWolff;The Internet's Cappadocius
The End Of Evangelion;Hideaki Anno and Kazuya Tsurumaki;1997;Gilles De Raisin Bran;dw;;;;;;;;;;;;;;;;;;;;;;;;;;;;;;;;;
The Enigma Of Kaspar Hauser;Werner Herzog;1974;weaselsoup;;;;;;;;;;;;;;;;;;;;;;;;;;;;;;;;;;
Enter The Void;Gaspar Noe;2009;Jason P;;;;;;;;;;;;;;;;;;;;;;;;;;;;;;;;;;
Eraserhead;David Lynch;1977;SingingBrakeman;Mindymoo;Warrior;Megara Justice Machine;Jeff Mangum Dong;coffee_mug;;;;;;;;;;;;;;;;;;;;;;;;;;;;;
Escape From New York;John Carpenter;1981;Gilles De Raisin Bran;;;;;;;;;;;;;;;;;;;;;;;;;;;;;;;;;;
Eternal Sunshine Of The Spotless Mind;Michel Gondry;2004;Promethea;allstonwolfspider;Harvey Dent;SilentSpy;Corporal Hicks;The Prighlofone;MarkoP;Sandwich Tunes;AlternativeUsername;KGB;Side Character;The Fissure King;GoochExtension;JonHamm'sJohnHam;SlamAdams;exexalien;Coolhand Fluke;Dr Orchid;El Marchko;Ophelia's Revenge;Aranaktu;Science is Bad;;;;;;;;;;;;;
Ever After;Andy Tennant;1998;saggitariuskim;;;;;;;;;;;;;;;;;;;;;;;;;;;;;;;;;;
Evil Dead II;Sam Raimi;1987;Whovian;TaumpyTearrs;Totalitarian Vegetables;quietinstrumentals;Poseur;itbegins2005;;;;;;;;;;;;;;;;;;;;;;;;;;;;;
Ex Machina;Alex Garland;2014;AlanWilder;;;;;;;;;;;;;;;;;;;;;;;;;;;;;;;;;;
The Exorcist;William Friedkin;1973;Totalitarian Vegetables;Chico McDirk;;;;;;;;;;;;;;;;;;;;;;;;;;;;;;;;;
Extraordinary Stories;Mariano Llinas;2008;The Sigil of LLVVRR;;;;;;;;;;;;;;;;;;;;;;;;;;;;;;;;;;
F For Fake;Orson Welles;1973;Lovely Bones;CineCraft;;;;;;;;;;;;;;;;;;;;;;;;;;;;;;;;;
The Fabulous Baker Boys;Steve Kloves;1989;Shugah;;;;;;;;;;;;;;;;;;;;;;;;;;;;;;;;;;
Face/Off;John Woo;1997;Ben;;;;;;;;;;;;;;;;;;;;;;;;;;;;;;;;;;
The Fall;Tarsem Singh;2006;Corn;Flesh;Razz Matazz;;;;;;;;;;;;;;;;;;;;;;;;;;;;;;;;
Fantasia;Ben Sharpsteen;1940;This Time, It's Personal!;Tavernacle;jroberts548;;;;;;;;;;;;;;;;;;;;;;;;;;;;;;;;
Fantastic Mr. Fox;Wes Anderson;2009;MarkoP;Bobson Dugnutt;Grumproro;gogiggs;;;;;;;;;;;;;;;;;;;;;;;;;;;;;;;
Farewell My Concubine;Chen Kaige;1993;fenton;;;;;;;;;;;;;;;;;;;;;;;;;;;;;;;;;;
Fargo;Joel and Ethan Coen;1996;Wallis Lane;scrappybilly;Wes Lawson;His Noodly Appendage;Disgruntled Goat;Monkeylint;KGB;Canadave87;A Dopehead in a Cubs Cap;enuma;Ham Rove's Ghost;dw;;;;;;;;;;;;;;;;;;;;;;;
Fast Five;Justin Lin;2011;Zkywalker;;;;;;;;;;;;;;;;;;;;;;;;;;;;;;;;;;
Fearless;Peter Weir;1993;Shugah;;;;;;;;;;;;;;;;;;;;;;;;;;;;;;;;;;
Female Trouble;John Waters;1974;My Pen!;;;;;;;;;;;;;;;;;;;;;;;;;;;;;;;;;;
Ferris Bueller's Day Off;John Hughes;1986;PowerThirteen;Zkywalker;MisterSplendiferous;;;;;;;;;;;;;;;;;;;;;;;;;;;;;;;;
The Fifth Element;Luc Besson;1997;Jaye Tyler;Lockeout;Dikachu;Monkeylint;RiverSong;saggitariuskim;Satan McVillain;emmelemm;;;;;;;;;;;;;;;;;;;;;;;;;;;
Fight Club;David Fincher;1999;InnDE;CheeseWizard;;;;;;;;;;;;;;;;;;;;;;;;;;;;;;;;;
A Fish Called Wanda;Charles Crichton;1988;bortman;;;;;;;;;;;;;;;;;;;;;;;;;;;;;;;;;;
Fitzcarraldo;Werner Herzog;1982;Megara Justice Machine;;;;;;;;;;;;;;;;;;;;;;;;;;;;;;;;;;
Flash Gordon;Mike Hodges;1980;Ben Grimm;;;;;;;;;;;;;;;;;;;;;;;;;;;;;;;;;;
The Florida Project;Sean Baker;2017;phillysportsfan;;;;;;;;;;;;;;;;;;;;;;;;;;;;;;;;;;
Forrest Gump;Robert Zemeckis;1994;Ribbon Clerk;;;;;;;;;;;;;;;;;;;;;;;;;;;;;;;;;;
The Fountain;Darren Aronofsky;2006;A Winged Potato;;;;;;;;;;;;;;;;;;;;;;;;;;;;;;;;;;
Frances Ha;Noah Baumbach;2012;mcquack;Israeli Remake of Montypark;Bobson Dugnutt;;;;;;;;;;;;;;;;;;;;;;;;;;;;;;;;
Francisca;Manoel de Oliveira;1981;Freakynought;;;;;;;;;;;;;;;;;;;;;;;;;;;;;;;;;;
Frank;Lenny Abrahamson;2014;Jeff Mangum Dong;;;;;;;;;;;;;;;;;;;;;;;;;;;;;;;;;;
Frankie And Johnny;Garry Marshall;1991;Shugah;;;;;;;;;;;;;;;;;;;;;;;;;;;;;;;;;;
The French Connection;William Friedkin;1971;dw;;;;;;;;;;;;;;;;;;;;;;;;;;;;;;;;;;
Friday;F. Gary Gray;1995;NUME;;;;;;;;;;;;;;;;;;;;;;;;;;;;;;;;;;
Friday The 13th Part II;Steve Miner;1981;hohodor;;;;;;;;;;;;;;;;;;;;;;;;;;;;;;;;;;
Fright Night;Tom Holland;1985;MisterSplendiferous;;;;;;;;;;;;;;;;;;;;;;;;;;;;;;;;;;
The Fugitive;Andrew Davis;1993;Professor Lavabot;;;;;;;;;;;;;;;;;;;;;;;;;;;;;;;;;;
Galaxy Quest;Dean Parisot;1999;Edgar Allan Hoe;;;;;;;;;;;;;;;;;;;;;;;;;;;;;;;;;;
Gamera 3: The Revenge Of Irs;Shusuke Kaneko;1999;Trance;;;;;;;;;;;;;;;;;;;;;;;;;;;;;;;;;;
Gattaca;Andrew Niccol;1997;RiverSong;;;;;;;;;;;;;;;;;;;;;;;;;;;;;;;;;;
The General;Clyde Bruckman and Buster Keaton;1926;ArchieLeech;;;;;;;;;;;;;;;;;;;;;;;;;;;;;;;;;;
George Washington;David Gordon Green;2000;subsaharan;;;;;;;;;;;;;;;;;;;;;;;;;;;;;;;;;;
Ghost In The Shell;Mamoru Oshii;1995;Gilles De Raisin Bran;Doctor Nick;TaumpyTearrs;Eltneg;Swampgas_Man;;;;;;;;;;;;;;;;;;;;;;;;;;;;;;
Ghost World;Terry Zwigoff;2001;TaumpyTearrs;Corporal Hicks;Dr. Julius Tonberry;worker201;phillysportsfan;;;;;;;;;;;;;;;;;;;;;;;;;;;;;;
Ghostbusters;Ivan Reitman;1984;Simon DelMonte;Aranaktu;;;;;;;;;;;;;;;;;;;;;;;;;;;;;;;;;
Gladiator;Ridley Scott;2000;Starbuck;;;;;;;;;;;;;;;;;;;;;;;;;;;;;;;;;;
Glengarry Glen Ross;James Foley;1992;Billy Everyteen;;;;;;;;;;;;;;;;;;;;;;;;;;;;;;;;;;
The Godfather;Francis Ford Coppola;1972;Immortan Scott;A Winged Potato;Councilman_Les_Wynan;His Noodly Appendage;Rex Banner;Bulldada;Disgruntled Goat;AlternativeUsername;Chicken of Tomorrow;LJo1;Pops Freshenmeyer;ImpossibleTreeSloth;Beasterly;The Landstander;Cop on the Edge-ish;El Santo;TheNotoriousWIG;HiKermie;I Am A Cyentist;Swampgas_Man;polly shouldn't be;;;;;;;;;;;;;;
The Godfather Part II;Francis Ford Coppola;1974;BannerThief;Councilman_Les_Wynan;Buck Dharma Initiative;Spiro Agnew;Cop on the Edge-ish;Adrian Pimento;MattS;norma jean monster;;;;;;;;;;;;;;;;;;;;;;;;;;;
The Gods Must Be Crazy;Jamie Uys;1980;Gougagna;;;;;;;;;;;;;;;;;;;;;;;;;;;;;;;;;;
Godzilla;Ishiro Honda;1954;Sheltie;exorcissy72;;;;;;;;;;;;;;;;;;;;;;;;;;;;;;;;;
Goldfinger;Guy Hamilton;1964;Rex Banner;;;;;;;;;;;;;;;;;;;;;;;;;;;;;;;;;;
Gone With The Wind;Victor Fleming;1939;Matt Scanlon;;;;;;;;;;;;;;;;;;;;;;;;;;;;;;;;;;
Good Night, And Good Luck;George Clooney;2005;Bluelightspecial;;;;;;;;;;;;;;;;;;;;;;;;;;;;;;;;;;
Good Will Hunting;Gus Van Sant;1997;NUME;;;;;;;;;;;;;;;;;;;;;;;;;;;;;;;;;;
The Good, The Bad, And The Ugly;Sergio Leone;1966;Sheltie;romanes eunt domus;Canadave87;HobbesMk2;Raven Wilder;El Santo;Emperor Snapper;adam farrar;itbegins2005;HiKermie;Chuck Kloster Wallace;;;;;;;;;;;;;;;;;;;;;;;;
Goodbye, Mr. Chips;Sam Wood;1939;Chuck Kloster Wallace;;;;;;;;;;;;;;;;;;;;;;;;;;;;;;;;;;
Goodfellas;Martin Scorsese;1990;Matt Scanlon;Elliot Thomas;lutair;scrappybilly;Corporal Hicks;KGB;Billy Everyteen;WM;Just Ask This Scientician;ThingyBlahBlah3;NUME;Buck Dharma Initiative;JonHamm'sJonHam;El Marinero;exexalien;El Santo;TheNotoriousWIG;Biff;HiKermie;norma jean monster;;;;;;;;;;;;;;;
Gozu;Takashi Miike;2003;Jason P;;;;;;;;;;;;;;;;;;;;;;;;;;;;;;;;;;
The Graduate;Mike Nichols;1967;Future-ex Mrs. Malcolm;SilentSpy;Chico McDirk;Jeff Mangum Dong;;;;;;;;;;;;;;;;;;;;;;;;;;;;;;;
The Grand Budapest Hotel;Wes Anderson;2014;Wallis Lane;Jaye Tyler;PowerThirteen;Tereglith;Chicken of Tomorrow;jroberts548;Pringles;Dr Orchid;Aranaktu;;;;;;;;;;;;;;;;;;;;;;;;;;
Grand Illusion;Jean Renoir;1937;ArchieLeech;;;;;;;;;;;;;;;;;;;;;;;;;;;;;;;;;;
Grave Of The Fireflies;Isao Takahata;1988;Mirage;;;;;;;;;;;;;;;;;;;;;;;;;;;;;;;;;;
The Greasy Strangler;Jim Hosking;2016;My Pen!;;;;;;;;;;;;;;;;;;;;;;;;;;;;;;;;;;
The Great Escape;John Sturges;1963;hohodor;molly man;;;;;;;;;;;;;;;;;;;;;;;;;;;;;;;;;
The Great Muppet Caper;Jim Henson;1981;Zeussical;;;;;;;;;;;;;;;;;;;;;;;;;;;;;;;;;;
Gremlins 2: The New Batch;Joe Dante;1990;Flubba Gunto;;;;;;;;;;;;;;;;;;;;;;;;;;;;;;;;;;
A Grin Without A Cat;Chris Marker;1977;Bresson's Windmill Farms;;;;;;;;;;;;;;;;;;;;;;;;;;;;;;;;;;
Grindhouse;Robert Rodriguez and Quentin Tarantino;2007;Awesome to the Mad Max;;;;;;;;;;;;;;;;;;;;;;;;;;;;;;;;;;
Grosse Point Blank;George Armitage;1997;VERB THE ADJECTIVE NOUN;exexalien;;;;;;;;;;;;;;;;;;;;;;;;;;;;;;;;;
Groundhog Day;Harold Ramis;1993;Doctor Nick;Ifwewait;gogiggs;;;;;;;;;;;;;;;;;;;;;;;;;;;;;;;;
Guardians Of The Galaxy;James Gunn;2014;Uncanny Valet;Zach and Coke;Flubba Gunto;;;;;;;;;;;;;;;;;;;;;;;;;;;;;;;;
Hail, Caesar!;Joel and Ethan Coen;2016;Annanomally;;;;;;;;;;;;;;;;;;;;;;;;;;;;;;;;;;
Hairspray;John Waters;1988;WaldoJeffers;Ham Rove's Ghost;;;;;;;;;;;;;;;;;;;;;;;;;;;;;;;;;
Halloween;John Carpenter;1978;Wes Lawson;itbegins2005;;;;;;;;;;;;;;;;;;;;;;;;;;;;;;;;;
Happiness;Todd Solondz;1998;SeedyC;;;;;;;;;;;;;;;;;;;;;;;;;;;;;;;;;;
The Happiness Of The Katakuris;Takashi Miike;2001;Lovely Bones;;;;;;;;;;;;;;;;;;;;;;;;;;;;;;;;;;
Happy Gilmore;Dennis Dugan;1996;Jeff Mangum Dong;;;;;;;;;;;;;;;;;;;;;;;;;;;;;;;;;;
Hard Boiled;John Woo;1992;Bobson Dugnutt;;;;;;;;;;;;;;;;;;;;;;;;;;;;;;;;;;
Hard Core Logo;Bruce McDonald;1996;My Pen!;;;;;;;;;;;;;;;;;;;;;;;;;;;;;;;;;;
A Hard Day's Night;Richard Lester;1964;allstonwolfspider;Wallis Lane;Great Boos Up;WaldoJeffers;Sy_Snootles_Is_Hot;;;;;;;;;;;;;;;;;;;;;;;;;;;;;;
Harlan County, USA;Barbara Kopple;1976;Matt Scanlon;;;;;;;;;;;;;;;;;;;;;;;;;;;;;;;;;;
Harold And Maude;Hal Ashby;1971;Dr. Julius Tonberry;Qualifiersrep;;;;;;;;;;;;;;;;;;;;;;;;;;;;;;;;;
Harry Potter And The Prisoner Of Azkaban;Alfonso Cuaron;2004;Bulldada;Starbuck;;;;;;;;;;;;;;;;;;;;;;;;;;;;;;;;;
Harsh Times;David Ayer;2005;Fat Moritician;;;;;;;;;;;;;;;;;;;;;;;;;;;;;;;;;;
Harvey;Henry Koster;1950;MarkoP;;;;;;;;;;;;;;;;;;;;;;;;;;;;;;;;;;
The Haunting;Robert Wise;1963;WaldoJeffers;;;;;;;;;;;;;;;;;;;;;;;;;;;;;;;;;;
Heat;Michael Mann;1995;Shugah;AlanWilder;Just Ask This Scientician;InnDE;JonHamm'sJohnHam;;;;;;;;;;;;;;;;;;;;;;;;;;;;;;
Heathers;Michael Lehman;1988;Ham Rove's Ghost;;;;;;;;;;;;;;;;;;;;;;;;;;;;;;;;;;
Heavenly Creatures;Peter Jackson;1994;Edgar Allan Hoe;;;;;;;;;;;;;;;;;;;;;;;;;;;;;;;;;;
Hedwig And The Angry Inch;John Cameron Mitchell;2001;Spituna;Ham Rove's Ghost;Max_Jets;;;;;;;;;;;;;;;;;;;;;;;;;;;;;;;;
Hellbound: Hellraiser II;Tony Randel;1988;Pringles;;;;;;;;;;;;;;;;;;;;;;;;;;;;;;;;;;
Hellraiser;Clive Barker;1987;Gilles De Raisin Bran;;;;;;;;;;;;;;;;;;;;;;;;;;;;;;;;;;
Her;Spike Jonze;2013;Fat Moritician;The Prighlofone;subsaharan;polly shouldn't be;;;;;;;;;;;;;;;;;;;;;;;;;;;;;;;
Hero;Zhang Yimou;2002;Pringles;;;;;;;;;;;;;;;;;;;;;;;;;;;;;;;;;;
High Fidelity;Stephen Frears;2000;Fat Moritician;El Marchko;;;;;;;;;;;;;;;;;;;;;;;;;;;;;;;;;
His Girl Friday;Howard Hawks;1940;A Winged Potato;Wes Lawson;A Talking Banana!?!;Other Guy;Edgar Allan Hoe;Simon DelMonte;Spiro Agnew;Destroy Him My Robots;worker201;;;;;;;;;;;;;;;;;;;;;;;;;;
History Of The World Part One;Mel Brooks;1981;A Dopehead in a Cubs Cap;;;;;;;;;;;;;;;;;;;;;;;;;;;;;;;;;;
The Holy Mountain;Alejandro Jodorowsku;1973;Mirage;;;;;;;;;;;;;;;;;;;;;;;;;;;;;;;;;;
Hoop Dreams;Steve James;1994;Matt Scanlon;;;;;;;;;;;;;;;;;;;;;;;;;;;;;;;;;;
Hostel;Eli Roth;2005;Awesome to the Mad Max;;;;;;;;;;;;;;;;;;;;;;;;;;;;;;;;;;
Hot Fuzz;Edgar Wright;2007;Trance;Pulprobot;Great Boos Up;Aoqi888;MarkoP;Owen1120;Pauli;Ben Grimm;errday;Satan McVillain;enuma;Emperor Snapper;Jackie O Shades;;;;;;;;;;;;;;;;;;;;;;
Hot Rod;Akiva Schaffer;2007;Pauli;errday;enuma;;;;;;;;;;;;;;;;;;;;;;;;;;;;;;;;
Hot Shots!;Jim Abrahams;1991;Spoonzer;;;;;;;;;;;;;;;;;;;;;;;;;;;;;;;;;;
Hot Shots! Part Deux;Jim Abrahams;1993;Mustard Of Doom;;;;;;;;;;;;;;;;;;;;;;;;;;;;;;;;;;
House;Nobuhiko Obayashi;1977;Tavernacle;MarkoP;Lovely Bones;Satan McVillain;intangible fancy;;;;;;;;;;;;;;;;;;;;;;;;;;;;;;
How To Train Your Dragon;Dean DeBlois and Chris Sanders;2010;Pulprobot;;;;;;;;;;;;;;;;;;;;;;;;;;;;;;;;;;
Howl's Moving Castle;Hayao Miyizaki;2004;Aoqi888;VERB THE ADJECTIVE NOUN;;;;;;;;;;;;;;;;;;;;;;;;;;;;;;;;;
The Hudsucker Proxy;Joel and Ethan Coen;1994;OccasionalJonathan;;;;;;;;;;;;;;;;;;;;;;;;;;;;;;;;;;
The Hunchback From Notre Dame;Gary Trousdale and Kirk Wise;1996;Other Guy;LibraryLass;;;;;;;;;;;;;;;;;;;;;;;;;;;;;;;;;
Hunger;Steve McQueen;2008;Warrior;;;;;;;;;;;;;;;;;;;;;;;;;;;;;;;;;;
The Hunt For Red October;John McTiernan;1990;Lockeout;;;;;;;;;;;;;;;;;;;;;;;;;;;;;;;;;;
I Heart Huckabees;David O. Russell;2004;clem;;;;;;;;;;;;;;;;;;;;;;;;;;;;;;;;;;
I Killed My Mother;Xavier Dolan;2009;Ham Rove's Ghost;;;;;;;;;;;;;;;;;;;;;;;;;;;;;;;;;;
If...;Lindsay Anderson;1968;Tintin Quarantino;;;;;;;;;;;;;;;;;;;;;;;;;;;;;;;;;;
Ikiru;Akira Kurosawa;1952;A Winged Potato;Spituna;;;;;;;;;;;;;;;;;;;;;;;;;;;;;;;;;
The Illusionist;Sylvain Chomet;2010;Awesome to the Mad Max;;;;;;;;;;;;;;;;;;;;;;;;;;;;;;;;;;
Imitation Of Life;Douglas Sirk;1959;RiverSong;;;;;;;;;;;;;;;;;;;;;;;;;;;;;;;;;;
In Bruges;Martin McDonagh;2008;Sheriff Lobo;HobbesMk2;NUME;SlamAdams;enuma;TheNotoriousWIG;Dr Orchid;Chuck Kloster Wallace;;;;;;;;;;;;;;;;;;;;;;;;;;;
In The Mood For Love;Wong Kar-Wai;2000;AlternativeUsername;The Fissure King;weaselsoup;PeaceNickel;;;;;;;;;;;;;;;;;;;;;;;;;;;;;;;
The In-Laws;Arthur Hiller;1979;Aiwendil;;;;;;;;;;;;;;;;;;;;;;;;;;;;;;;;;;
Inception;Christopher Nolan;2010;Blargg;Owen1120;Sandwich Tunes;RiverSong;Platformula;Annanomally;Jackie O Shades;;;;;;;;;;;;;;;;;;;;;;;;;;;;
The Incredibles;Brad Bird;2004;OccasionalJonathan;Tereglith;MarkoP;Flubba Gunto;Side Character;Razz Matazz;insidemyhead;The Internet's Cappadocius;;;;;;;;;;;;;;;;;;;;;;;;;;;
Indiana Jones And The Last Crusade;Steven Spielberg;1989;Tavernacle;Monkeylint;Gougagna;blackmoon eleven;Ben;Aranaktu;;;;;;;;;;;;;;;;;;;;;;;;;;;;;
The Informant!;Steven Soderbergh;2009;Israeli Remake of Montypark;;;;;;;;;;;;;;;;;;;;;;;;;;;;;;;;;;
Inglorious Basterds;Quentin Tarantino;2009;BannerThief;Jaye Tyler;Rex Banner;Spoonzer;;;;;;;;;;;;;;;;;;;;;;;;;;;;;;;
Inherent Vice;Paul Thomas Anderson;2014;ItsCalledTheToddProblem;;;;;;;;;;;;;;;;;;;;;;;;;;;;;;;;;;
Inland Empire;David Lynch;2006;My Pen!;;;;;;;;;;;;;;;;;;;;;;;;;;;;;;;;;;
Inside Llewyn Davis;Joel and Ethan Coen;2013;Ribbon Clerk;;;;;;;;;;;;;;;;;;;;;;;;;;;;;;;;;;
Inside Man;Spike Lee;2006;Spoonzer;;;;;;;;;;;;;;;;;;;;;;;;;;;;;;;;;;
Inside Out;Pete Docter;2015;Captain Video;SilentSpy;Bulldada;Eltneg;;;;;;;;;;;;;;;;;;;;;;;;;;;;;;;
Interstellar;Christopher Nolan;2014;Promethea;BannerThief;Starbuck;Pringles;;;;;;;;;;;;;;;;;;;;;;;;;;;;;;;
Invasion Of Astro Monster;Ishiro Honda;1965;Trance;;;;;;;;;;;;;;;;;;;;;;;;;;;;;;;;;;
Invasion Of The Body Snatchers;Don Siegel;1956;Captain Video;;;;;;;;;;;;;;;;;;;;;;;;;;;;;;;;;;
Investigation Of A Citizen Above Suspicion;Elio Petri;1970;Warrior;;;;;;;;;;;;;;;;;;;;;;;;;;;;;;;;;;
The Iron Giant;Brad Bird;1999;Harvey Dent;Doctor Nick;Sandwich Tunes;Simon DelMonte;Razz Matazz;The Internet's Cappadocius;;;;;;;;;;;;;;;;;;;;;;;;;;;;;
Iron Man;Jon Favrae;2008;Dan Pierce;;;;;;;;;;;;;;;;;;;;;;;;;;;;;;;;;;
It's A Mad, Mad, Mad, Mad World;Stanley Kramer;1963;Raven Wilder;;;;;;;;;;;;;;;;;;;;;;;;;;;;;;;;;;
It's A Wonderful Life;Frank Capra;1946;SingingBrakeman;Rex Banner;The Prighlofone;JonHamm'sJonHam;HiKermie;;;;;;;;;;;;;;;;;;;;;;;;;;;;;;
It's Such A Beautiful Day;Don Hertzfeld;2012;A Winged Potato;Tavernacle;GoochExtension;Jeff Mangum Dong;;;;;;;;;;;;;;;;;;;;;;;;;;;;;;;
Jackass: The Movie;Jeff Tremaine;2002;Professor Lavabot;;;;;;;;;;;;;;;;;;;;;;;;;;;;;;;;;;
Jackie Brown;Quentin Tarantino;1997;allstonwolfspider;This Time, It's Personal!;Doctor Nick;Mindymoo;Eltneg;A Dopehead in a Cubs Cap;;;;;;;;;;;;;;;;;;;;;;;;;;;;;
Jacob's Ladder;Adrian Lyne;1990;BeardedPancakes;;;;;;;;;;;;;;;;;;;;;;;;;;;;;;;;;;
Jaws;Steven Spielberg;1975;Bulldada;Chicken of Tomorrow;Pops Freshenmeyer;blackmoon eleven;El Marinero;The Pho;Poseur;SocksForBoomer;Biff;;;;;;;;;;;;;;;;;;;;;;;;;;
The Jerk;Carl Reiner;1979;Satan McVillain;norma jean monster;;;;;;;;;;;;;;;;;;;;;;;;;;;;;;;;;
Jesus Christ Superstar;Norman Jewison;1971;Promethea;;;;;;;;;;;;;;;;;;;;;;;;;;;;;;;;;;
Joan At The Stake;Roberto Rossellini;1954;Freakynought;;;;;;;;;;;;;;;;;;;;;;;;;;;;;;;;;;
Joe Versus The Volcano;John Patrick Shanley;1990;The Internet's Cappadocius;;;;;;;;;;;;;;;;;;;;;;;;;;;;;;;;;;
John Wick;David Leitch and Chad Stahelski;2014;Flesh;;;;;;;;;;;;;;;;;;;;;;;;;;;;;;;;;;
Le Joli Mai;Chris Marker;1963;ArchieLeech;;;;;;;;;;;;;;;;;;;;;;;;;;;;;;;;;;
Julian Po;Alan Wade;1997;The Internet's Cappadocius;;;;;;;;;;;;;;;;;;;;;;;;;;;;;;;;;;
The Jungle Book;Wolfgang Reitherman;1967;Swampgas_Man;;;;;;;;;;;;;;;;;;;;;;;;;;;;;;;;;;
Jurassic Park;Steven Spielberg;1993;Trance;Zkywalker;Cigarette;Canadave87;SeedyC;NUME;Buck Dharma Initiative;The Pho;Annanomally;HiKermie;Pringles;Laszlo Panaflex;;;;;;;;;;;;;;;;;;;;;;;
Kicking And Screaming;Noah Baumbach;1995;worker201;;;;;;;;;;;;;;;;;;;;;;;;;;;;;;;;;;
Kiki's Delivery Service;Hayao Miyizaki;1989;Corn;Science is Bad;Dr. Julius Tonberry;;;;;;;;;;;;;;;;;;;;;;;;;;;;;;;;
Kill Bill;Quentin Tarantino;2003/2004;Cigarette;Bobson Dugnutt;How to Get Away with Mordor;insidemyhead;;;;;;;;;;;;;;;;;;;;;;;;;;;;;;;
Kill Bill Vol. 1;Quentin Tarantino;2003;Blargg;Side Character;Starbuck;Dan Pierce;;;;;;;;;;;;;;;;;;;;;;;;;;;;;;;
Kill Bill Vol. 2;Quentin Tarantino;2004;Sheriff Lobo;Max_Jets;;;;;;;;;;;;;;;;;;;;;;;;;;;;;;;;;
The King And I;Walter Lang;1956;bmoore4026;;;;;;;;;;;;;;;;;;;;;;;;;;;;;;;;;;
King Kong;Merian C. Cooper and Ernest B. Shoedsack;1933;El Santo;brocked;;;;;;;;;;;;;;;;;;;;;;;;;;;;;;;;;
The King Of Comedy;Martin Scorsese;1982;AlternativeUsername;;;;;;;;;;;;;;;;;;;;;;;;;;;;;;;;;;
King Of Hearts;Philipe de Broca;1966;Aoqi888;man-in-the-moon-man;;;;;;;;;;;;;;;;;;;;;;;;;;;;;;;;;
Knock Knock;Eli Roth;2015;My Pen!;;;;;;;;;;;;;;;;;;;;;;;;;;;;;;;;;;
Kolya;Jan Sverak;1996;brocked;;;;;;;;;;;;;;;;;;;;;;;;;;;;;;;;;;
Koyaanisqatsi;Godfrey Reggio;1982;Robert Maitland, Architect;;;;;;;;;;;;;;;;;;;;;;;;;;;;;;;;;;
Kramer V.S. Kramer;Robert Benton;1979;Ribbon Clerk;;;;;;;;;;;;;;;;;;;;;;;;;;;;;;;;;;
Kumiko, The Treasure Hunter;David Zellner;2014;Jaye Tyler;;;;;;;;;;;;;;;;;;;;;;;;;;;;;;;;;;
Kung Fu Hustle;Stephen Chow;2004;Zeussical;Eltneg;Jimmy James, MBDW;;;;;;;;;;;;;;;;;;;;;;;;;;;;;;;;
Kung Fu Panda 2;Jennifer Yuh Nelson;2011;Flesh;;;;;;;;;;;;;;;;;;;;;;;;;;;;;;;;;;
Kwaidan;Masaki Kobayashi;1964;This Time, It's Personal!;;;;;;;;;;;;;;;;;;;;;;;;;;;;;;;;;;
L.A. Confidential;Curtis Hanson;1997;scrappybilly;A Dopehead in a Cubs Cap;SocksForBummer;insidemyhead;;;;;;;;;;;;;;;;;;;;;;;;;;;;;;;
La La Land;Damian Chazelle;2016;PowerThirteen;Sheriff Lobo;;;;;;;;;;;;;;;;;;;;;;;;;;;;;;;;;
Labyrinth;Jim Henson;1986;Grumproro;;;;;;;;;;;;;;;;;;;;;;;;;;;;;;;;;;
The Last Dragon;Michael Schultz;1985;Werdup;;;;;;;;;;;;;;;;;;;;;;;;;;;;;;;;;;
The Last Emperor;Bernardo Bertolucci;1987;Werdup;;;;;;;;;;;;;;;;;;;;;;;;;;;;;;;;;;
The Last Picture Show;Peter Bogdanovich;1971;LJo1;;;;;;;;;;;;;;;;;;;;;;;;;;;;;;;;;;
Last Year At Marienbad;Alain Resnais;1961;The Sigil of LLVVRR;Destory Him My Robots;;;;;;;;;;;;;;;;;;;;;;;;;;;;;;;;;
Late Spring;Yasujiro Ozu;1949;quietinstrumentals;;;;;;;;;;;;;;;;;;;;;;;;;;;;;;;;;;
Lawrence Of Arabia;David Lean;1962;Wallis Lane;Councilman_Les_Wynan;His Noodly Appendage;Disgruntled Goat;Chico McDirk;ImpossibleTreeSloth;LouieBlue;Spiro Agnew;El Santo;molly man;;;;;;;;;;;;;;;;;;;;;;;;;
Legally Blonde;Robert Luketic;2001;saggitariuskim;worker201;;;;;;;;;;;;;;;;;;;;;;;;;;;;;;;;;
The Legend Of Drunken Master;Liu Chia-Liang;1994;Bobson Dugnutt;;;;;;;;;;;;;;;;;;;;;;;;;;;;;;;;;;
The Lego Movie;Phil Lord and Chris Miller;2014;Promethea;Captain Video;Owen1120;;;;;;;;;;;;;;;;;;;;;;;;;;;;;;;;
Let The Right One In;Tomas Alfredson;2008;Qualifiersrep;;;;;;;;;;;;;;;;;;;;;;;;;;;;;;;;;;
The Life And Death Of Colonel Blimp;Michael Powell and Emeric Pressburger;1943;CineCraft;;;;;;;;;;;;;;;;;;;;;;;;;;;;;;;;;;
The Life Aquatic With Steve Zissou;Wes Anderson;2004;Totalitarian Vegetables;Owen1120;Monkeylint;;;;;;;;;;;;;;;;;;;;;;;;;;;;;;;;
Life Is Beautiful;Roberto Benigni;1997;Annanomally;;;;;;;;;;;;;;;;;;;;;;;;;;;;;;;;;;
Life Of Brian;Terry Jones;1979;Aoqi888;Dikachu;Monkeylint;enuma;exorcissy72;WilfelmWolff;;;;;;;;;;;;;;;;;;;;;;;;;;;;;
The Lion In Winter;Anthony Harcey;1968;HobbesMk2;;;;;;;;;;;;;;;;;;;;;;;;;;;;;;;;;;
The Lion King;Roger Allers and Rob Minkoff;1994;SilentSpy;Blargg;Raven Wilder;Pringles;;;;;;;;;;;;;;;;;;;;;;;;;;;;;;;
Little Big Man;Arthur Penn;1970;Wallis Lane;;;;;;;;;;;;;;;;;;;;;;;;;;;;;;;;;;
The Little Mermaid;Ron Clements and John Musker;1989;DaughterofUhtred;bmoore4026;;;;;;;;;;;;;;;;;;;;;;;;;;;;;;;;;
Little Miss Sunshine;Jonathan Dayton and Valerie Faris;2006;Side Character;;;;;;;;;;;;;;;;;;;;;;;;;;;;;;;;;;
Little Shop Of Horrors;Frank Oz;1986;Flubba Gunto;Girard;Toasterlad;;;;;;;;;;;;;;;;;;;;;;;;;;;;;;;;
Little Women;Gillian Armstrong;1994;Aoqi888;;;;;;;;;;;;;;;;;;;;;;;;;;;;;;;;;;
The Lobster;Yorgos Lanthimos;2015;Girard;;;;;;;;;;;;;;;;;;;;;;;;;;;;;;;;;;
Local Hero;Bill Forsyth;1983;RobertPostsChild;;;;;;;;;;;;;;;;;;;;;;;;;;;;;;;;;;
Logan;James Mangold;2017;RiverSong;errday;;;;;;;;;;;;;;;;;;;;;;;;;;;;;;;;;
Lolita;Stabley Kubrick;1962;Captain Dada;;;;;;;;;;;;;;;;;;;;;;;;;;;;;;;;;;
The Long Good Friday;John Mackenzie;1980;Warrior;;;;;;;;;;;;;;;;;;;;;;;;;;;;;;;;;;
The Long Goodbye;Robert Altman;1973;A Talking Banana!?!;longbox jockey;Just Ask This Scientician;;;;;;;;;;;;;;;;;;;;;;;;;;;;;;;;
The Lord Of The Rings trilogy;Peter Jackson;2001-2003;Lockeout;Dikachu;The Pho;;;;;;;;;;;;;;;;;;;;;;;;;;;;;;;;
The Lord Of The Rings: The Fellowship Of The Ring;Peter Jackson;2001;lutair;PRIVILEGED;Councilman_Les_Wynan;Owen1120;TheCleverGuy;Edgar Allan Hoe;Starbuck;Razz Matazz;LouieBlue;Coolhand Fluke;;;;;;;;;;;;;;;;;;;;;;;;;
The Lord Of The Rings: The Return Of The King;Peter Jackson;2003;lutair;PRIVILEGED;Blargg;Spoonzer;bmoore4026;WilhelmWolff;;;;;;;;;;;;;;;;;;;;;;;;;;;;;
The Lord Of The Rings: The Two Towers;Peter Jackson;2002;lutair;PRIVILEGED;Councilman_Les_Wynan;OccasionalJonathan;How to Get Away with Mordor;blackmoon eleven;The Landstander;Coolhand Fluke;WilhelmWolff;;;;;;;;;;;;;;;;;;;;;;;;;;
Los Angeles Plays Itself;Thom Anderson;2003;Robert Maitland, Architect;;;;;;;;;;;;;;;;;;;;;;;;;;;;;;;;;;
Lost Highway;David Lynch;1997;Refer Madness;;;;;;;;;;;;;;;;;;;;;;;;;;;;;;;;;;
Lost In Translation;Sofia Coppola;2003;Coolhand Fluke;El Marchko;;;;;;;;;;;;;;;;;;;;;;;;;;;;;;;;;
Love & Basketball;Gina Prince-Blythewood;2000;RiverSong;;;;;;;;;;;;;;;;;;;;;;;;;;;;;;;;;;
Lust In The Dust;Paul Bartel;1985;Dikachu;;;;;;;;;;;;;;;;;;;;;;;;;;;;;;;;;;
Lust, Caution;Ang Lee;2007;Platformula;;;;;;;;;;;;;;;;;;;;;;;;;;;;;;;;;;
M;Fritz Lang;1931;Mindymoo;Other Guy;SeedyC;Aiwendil;;;;;;;;;;;;;;;;;;;;;;;;;;;;;;;
Maborosi;Hirokazu Koreeda;1995;weaselsoup;;;;;;;;;;;;;;;;;;;;;;;;;;;;;;;;;;
Mad Max: Fury Road;George Miller;2015;Sheltie;Uncanny Valet;Pulprobot;Future-ex Mrs. Malcolm;Aoqi888;SilentSpy;OccasionalJonathan;The Sigil of LLVVRR;Totalitarian Vegetables;Tereglith;Monkeylint;mcquack;Mustard Of Doom;Science is Bad;HobbesMk2;Awesome to the Mad Max;Joey Blowey;Lovely Bones;clem;El Marinero;Emperor Snapper;TheNotoriousWIG;Poseur;jroberts548;Pringles;emmelemm;Jackie O Shades;Laszlo Panaflex;;;;;;;
Magnolia;Paul Thomas Anderson;1999;Just Ask This Scientician;SocksForBoomer;;;;;;;;;;;;;;;;;;;;;;;;;;;;;;;;;
Malcolm X;Spike Lee;1992;SocksForBoomer;;;;;;;;;;;;;;;;;;;;;;;;;;;;;;;;;;
Mallrats;Kevin Smith;1995;DaughterofUhtred;Gougagna;;;;;;;;;;;;;;;;;;;;;;;;;;;;;;;;;
The Maltese Falcon;John Huston;1941;AlanWilder;;;;;;;;;;;;;;;;;;;;;;;;;;;;;;;;;;
The Man Who Shot Liberty Valance;John Ford;1962;A Talking Banana!?!;;;;;;;;;;;;;;;;;;;;;;;;;;;;;;;;;;
The Man Who Would Be King;John Huston;1975;Robert Maitland, Architect;molly man;;;;;;;;;;;;;;;;;;;;;;;;;;;;;;;;;
The Manchurian Candidate;John Frankenheimer;1962;Aiwendil;;;;;;;;;;;;;;;;;;;;;;;;;;;;;;;;;;
Manhunter;Michael Mann;1986;The BabaDuke;Warrior;;;;;;;;;;;;;;;;;;;;;;;;;;;;;;;;;
Mary Poppins;Robert Stevenson;1964;Promethea;Max_Jets;;;;;;;;;;;;;;;;;;;;;;;;;;;;;;;;;
The Master;Paul Thomas Anderson;2012;Fat Moritician;A Talking Banana!?!;Pauli;ItsCalledTheToddProblem;Adrian Pimento;;;;;;;;;;;;;;;;;;;;;;;;;;;;;;
Master And Commander: The Far Side Of The World;Peter Weir;2003;phillysportsfan;;;;;;;;;;;;;;;;;;;;;;;;;;;;;;;;;;
The Matrix;Lana and Lilly Wachowski;1999;Gilles De Raisin Bran;Uncanny Valet;Krellis;Flesh;errday;itbegins2005;Dan Pierce;phillysportsfan;;;;;;;;;;;;;;;;;;;;;;;;;;;
McCabe And Mrs. Miller;Robert Altman;1971;CineCraft;;;;;;;;;;;;;;;;;;;;;;;;;;;;;;;;;;
Mean Girls;Mark Waters;2004;SilentSpy;LibraryLass;How to Get Away with Mordor;Pringles;;;;;;;;;;;;;;;;;;;;;;;;;;;;;;;
Melancholia;Lars von Trier;2011;Max_Jets;;;;;;;;;;;;;;;;;;;;;;;;;;;;;;;;;;
Memento;Christopher Nolan;2000;Disgruntled Goat;Cigarette;Poseur;Dr Orchid;;;;;;;;;;;;;;;;;;;;;;;;;;;;;;;
Mesrine;Jean-Francois Richet;2008;Warrior;;;;;;;;;;;;;;;;;;;;;;;;;;;;;;;;;;
Metropolis;Fritz Lang;1927;AlternativeUsername;Dr. Julis Tonberry;;;;;;;;;;;;;;;;;;;;;;;;;;;;;;;;;
Midnight Cowboy;John Schlesinger;1969;Ribbon Clerk;;;;;;;;;;;;;;;;;;;;;;;;;;;;;;;;;;
A Mighty Wind;Christopher Guest;2003;Gougagna;insidemyhead;Girard;;;;;;;;;;;;;;;;;;;;;;;;;;;;;;;;
Millennium Actress;Satoshi Kon;2001;TaumpyTearrs;;;;;;;;;;;;;;;;;;;;;;;;;;;;;;;;;;
Miller's Crossing;Joel and Ethan Coen;1990;Disgruntled Goat;Chico McDirk;Spituna;NUME;Satan McVillain;Emperor Snapper;SocksForBoomer;HiKermie;MattS;brocked;gogiggs;;;;;;;;;;;;;;;;;;;;;;;;
Mind Game;Masaaki Yuasa;2004;Girard;;;;;;;;;;;;;;;;;;;;;;;;;;;;;;;;;;
Minority Report;Steven Spielberg;2002;Rex Banner;Lockeout;;;;;;;;;;;;;;;;;;;;;;;;;;;;;;;;;
Miracle On 34th Street;George Seaton;1947;man-in-the-moon-man;;;;;;;;;;;;;;;;;;;;;;;;;;;;;;;;;;
The Mirror;Andrei Tarkovsky;1975;PeaceNickel;;;;;;;;;;;;;;;;;;;;;;;;;;;;;;;;;;
Moana;Ron Clements and John Musker;2016;Zeussical;saggitariuskim;;;;;;;;;;;;;;;;;;;;;;;;;;;;;;;;;
Modern Times;Charles Chaplin;1936;Doctor Nick;SingingBrakeman;;;;;;;;;;;;;;;;;;;;;;;;;;;;;;;;;
Mon Oncle;Jacques Tati;1958;Grumproro;;;;;;;;;;;;;;;;;;;;;;;;;;;;;;;;;;
Monty Python And The Holy Grail;Terry Gilliam and Terry Jones;1975;Lockeout;MarkoP;Disgruntled Goat;Pops Freshenmeyer;bortman;Chico McDirk;Canadave87;Aiwendil;The Pho;Swampgas_Man;Adrian Pimento;Toasterlad;;;;;;;;;;;;;;;;;;;;;;;
Moon;Duncan Jones;2009;Uncanny Valet;SeedyC;;;;;;;;;;;;;;;;;;;;;;;;;;;;;;;;;
Moonlight;Barry Jenkins;2016;Grumproro;;;;;;;;;;;;;;;;;;;;;;;;;;;;;;;;;;
Moonrise Kingdom;Wes Anderson;2012;mcquack;Laszlo Panaflex;;;;;;;;;;;;;;;;;;;;;;;;;;;;;;;;;
Moulin Rouge!;Baz Luhrmann;2001;Annanomally;;;;;;;;;;;;;;;;;;;;;;;;;;;;;;;;;;
Mr. Smith Goes To Washington;Frank Capra;1938;SeedyC;;;;;;;;;;;;;;;;;;;;;;;;;;;;;;;;;;
Much Ado About Nothing;Joss Whedon;2012;Jason P;;;;;;;;;;;;;;;;;;;;;;;;;;;;;;;;;;
Mulan;Tony Bancroft and Barry Cook;1998;saggitariuskim;;;;;;;;;;;;;;;;;;;;;;;;;;;;;;;;;;
Mulholland Dr;David Lynch;2001;allstonwolfspider;This Time, It's Personal!;Tereglith;WM;Mustard Of Doom;quietinstrumentals;Canadave87;Megara Justice Machine;Dr. Julius Tonberry;Satan McVillain;Jason P;Coolhand Fluke;I Am A Cyentist;Aranaktu;Max_Jets;PeaceNickel;;;;;;;;;;;;;;;;;;;
The Muppet Christmas Carol;Brian Henspn;1992;Flubba Gunto;Laszlo Panaflex;;;;;;;;;;;;;;;;;;;;;;;;;;;;;;;;;
The Muppet Movie;James Frawley;1979;Promethea;Flubba Gunto;;;;;;;;;;;;;;;;;;;;;;;;;;;;;;;;;
Murder By Death;Robert Moore;1976;Dikachu;;;;;;;;;;;;;;;;;;;;;;;;;;;;;;;;;;
My Darling Clementine;John Ford;1946;Captain Video;;;;;;;;;;;;;;;;;;;;;;;;;;;;;;;;;;
My Neighbor Totoro;Hayao Miyizaki;1988;Future-ex Mrs. Malcolm;Grumproro;;;;;;;;;;;;;;;;;;;;;;;;;;;;;;;;;
Mystery Men;Kinka Usher;1999;errday;;;;;;;;;;;;;;;;;;;;;;;;;;;;;;;;;;
Naked Lunch;David Cronenberg;1991;hohodor;Refer Madness;;;;;;;;;;;;;;;;;;;;;;;;;;;;;;;;;
Napoleion;Abel Gance;1927;Billy Everyteen;;;;;;;;;;;;;;;;;;;;;;;;;;;;;;;;;;
Nausica Of The Valley Of The Wind;Hayao Miyizaki;1984;kevzero;Chuck Kloster Wallace;;;;;;;;;;;;;;;;;;;;;;;;;;;;;;;;;
The Neon Demon;Nicolas Winding Refn;2016;Israeli Remake of Montypark;;;;;;;;;;;;;;;;;;;;;;;;;;;;;;;;;;
Network;Sidney Lumet;1976;Wes Lawson;HiKermie;ThingyBlahBlah3;;;;;;;;;;;;;;;;;;;;;;;;;;;;;;;;
A Night At The Opera;Sam Wood;1935;RobertPostsChild;;;;;;;;;;;;;;;;;;;;;;;;;;;;;;;;;;
Night Of The Demon;Jacques Tourneru;1957;Robert Maitland, Architect;;;;;;;;;;;;;;;;;;;;;;;;;;;;;;;;;;
The Night Of The Hunter;Charles Laughton;1955;romanes eunt domus;Corporal Hicks;Corn;jroberts548;I Am A Cyentist;coffee_mug;;;;;;;;;;;;;;;;;;;;;;;;;;;;;
Night Of The Living Dead;George A. Romero;1968;Captain Video;PRIVILEGED;scrappybilly;;;;;;;;;;;;;;;;;;;;;;;;;;;;;;;;
The Nightmare Before Christmas;Henry Selick;1993;Platformula;dw;;;;;;;;;;;;;;;;;;;;;;;;;;;;;;;;;
Nightmare Alley;Edmund Goulding;1947;WaldoJeffers;;;;;;;;;;;;;;;;;;;;;;;;;;;;;;;;;;
A Nightmare On Elm Street;Wes Craven;1984;MisterSplendiferous;Max_Jets;;;;;;;;;;;;;;;;;;;;;;;;;;;;;;;;;
Nights Of Cabiria;Federico Fellini;1957;The Fissure King;;;;;;;;;;;;;;;;;;;;;;;;;;;;;;;;;;
Ninotchka;Ernst Lubitsch;1939;Captain Video;;;;;;;;;;;;;;;;;;;;;;;;;;;;;;;;;;
No Country For Old Men;Joel and Ethan Coen;2007;BannerThief;Bulldada;Zach and Coke;Billy Everyteen;ThingyBlahBlah3;brocked;Captain Dada;WilhelmWolff;;;;;;;;;;;;;;;;;;;;;;;;;;;
Noah;Darren Aronofsky;2014;PowerThirteen;;;;;;;;;;;;;;;;;;;;;;;;;;;;;;;;;;
North By Northwest;Alfred Hitchcock;1959;Whovian;Manuel Faces;Pulprobot;SingingBrakeman;The BabaDuke;;;;;;;;;;;;;;;;;;;;;;;;;;;;;;
Nosferatu;F.W. Murnau;1922;How to Get Away with Mordor;;;;;;;;;;;;;;;;;;;;;;;;;;;;;;;;;;
Nostalghia;Andrei Tarkovsky;1983;Freakynought;;;;;;;;;;;;;;;;;;;;;;;;;;;;;;;;;;
Nothing But Trouble;Dan Aykroyd;1991;The Internet's Cappadocius;;;;;;;;;;;;;;;;;;;;;;;;;;;;;;;;;;
Notorious;Alfred Hitchcock;1946;ArchieLeech;;;;;;;;;;;;;;;;;;;;;;;;;;;;;;;;;;
La Notte;Michelangelo Antonioni;1961;BeardedPancakes;;;;;;;;;;;;;;;;;;;;;;;;;;;;;;;;;;
O Brother, Where Art Thou?;Joel and Ethan Coen;2000;Ribbon Clerk;Aoqi888;Fat Mortician;SingingBrakeman;Cigarette;Professor Lavabot;clem;SlamAdams;Laszlo Panaflex;;;;;;;;;;;;;;;;;;;;;;;;;;
OJ: Made In America;Ezra Edelman;2016;mcquack;;;;;;;;;;;;;;;;;;;;;;;;;;;;;;;;;;
Ocean's Eleven;Steven Soderbergh;2001;Great Boos Up;PowerThirteen;Raven Wilder;;;;;;;;;;;;;;;;;;;;;;;;;;;;;;;;
The Odd Couple;Gene Saks;1968;Billy Everyteen;;;;;;;;;;;;;;;;;;;;;;;;;;;;;;;;;;
Office Space;Mike Judge;1999;VERB THE ADJECTIVE NOUN;;;;;;;;;;;;;;;;;;;;;;;;;;;;;;;;;;
Oldboy;Park Chan-wook;2003;BannerThief;;;;;;;;;;;;;;;;;;;;;;;;;;;;;;;;;;
On The Waterfront;Elia Kazan;1953;ImpossibleTreeSloth;HobbesMk2;SocksForBoomer;;;;;;;;;;;;;;;;;;;;;;;;;;;;;;;;
Once Upon A Time In Mexico;Robert Rodriguez;2003;The Internet's Cappadocius;;;;;;;;;;;;;;;;;;;;;;;;;;;;;;;;;;
Once Upon A Time In The West;Sergio Leone;1968;Rex Banner;AlanWilder;Spiro Agnew;exorcissy72;Sy_Snootles_Is_Hot;;;;;;;;;;;;;;;;;;;;;;;;;;;;;;
One Flew Over The Cuckoo's Nest;Milos Forman;1975;Elliot Thomas;Councilman_Les_Wynan;SlamAdams;;;;;;;;;;;;;;;;;;;;;;;;;;;;;;;;
One Two Three;Billy Wilder;1961;kevzero;;;;;;;;;;;;;;;;;;;;;;;;;;;;;;;;;;
Only Angels Have Wings;Howard Hawks;1939;coffee_mug;;;;;;;;;;;;;;;;;;;;;;;;;;;;;;;;;;
Opening Night;John Cassavetes;1977;freakynought;;;;;;;;;;;;;;;;;;;;;;;;;;;;;;;;;;
Ordet;Carl Theodor Dreyer;1955;freakynought;;;;;;;;;;;;;;;;;;;;;;;;;;;;;;;;;;
Out Of The Past;Jacques Tourneru;1947;Corn;gogiggs;;;;;;;;;;;;;;;;;;;;;;;;;;;;;;;;;
The Outlaw Josey Wales;Clint Eastwood;1976;Bulldada;;;;;;;;;;;;;;;;;;;;;;;;;;;;;;;;;;
Over The Garden Wall;Nate Cash;2014;Promethea;;;;;;;;;;;;;;;;;;;;;;;;;;;;;;;;;;
Paddington 2;Paul King;2017;Owen1120;;;;;;;;;;;;;;;;;;;;;;;;;;;;;;;;;;
Pan's Labyrinth;Guillermo del Toro;2006;A Winged Potato;Matt Scanlon;Tavernacle;PRIVILEGED;Pulprobot;Pauli;Bobson Dugnutt;Dr. Julius Tonberry;enuma;Grumproro;Ham Rove's Ghost;El Marchko;;;;;;;;;;;;;;;;;;;;;;;
Paper Moon;Peter Bogdanovich;1973;ItsCalledTheToddProblem;SocksForBoomer;;;;;;;;;;;;;;;;;;;;;;;;;;;;;;;;;
Papillon;Franklin J. Schaffner;1973;Joey Blowey;;;;;;;;;;;;;;;;;;;;;;;;;;;;;;;;;;
Paprika;Satoshi Kon;2006;lutair;;;;;;;;;;;;;;;;;;;;;;;;;;;;;;;;;;
Pariah;Dee Rees;2011;Lovely Bones;;;;;;;;;;;;;;;;;;;;;;;;;;;;;;;;;;
Paris Is Burning;Jennie Livingston;1990;Lovely Bones;;;;;;;;;;;;;;;;;;;;;;;;;;;;;;;;;;
Paris, Texas;Wim Wenders;1984;quietinstrumentals;;;;;;;;;;;;;;;;;;;;;;;;;;;;;;;;;;
The Passion Of Joan Of Arc;Carl Theodor Dreyer;1928;The BabaDuke;Lovely Bones;CineCraft;;;;;;;;;;;;;;;;;;;;;;;;;;;;;;;;
Paterson;Jim Jarmusch;2016;Qualifiersrep;;;;;;;;;;;;;;;;;;;;;;;;;;;;;;;;;;
Paths Of Glory;Stanley Kubrick;1957;polly shouldn't be;;;;;;;;;;;;;;;;;;;;;;;;;;;;;;;;;;
Pee-Wee's Big Adventure;Tim Burton;1985;Trance;scrappybilly;Cigarette;coffee_mug;;;;;;;;;;;;;;;;;;;;;;;;;;;;;;;
Perfect Blue;Satoshi Kon;1997;lutair;enuma;;;;;;;;;;;;;;;;;;;;;;;;;;;;;;;;;
Persona;Ingmar Bergman;1966;Mirage;My Pen!;PeaceNickel;;;;;;;;;;;;;;;;;;;;;;;;;;;;;;;;
Phantasm;Don Coscarell;1979;Joey Blowey;;;;;;;;;;;;;;;;;;;;;;;;;;;;;;;;;;
Phantom Of The Paradise;Brian de Palma;1974;Bresson's Windmill Farms;;;;;;;;;;;;;;;;;;;;;;;;;;;;;;;;;;
The Philadelphia Story;George Cukor;1940;Edgar Allan Hoe;;;;;;;;;;;;;;;;;;;;;;;;;;;;;;;;;;
Picnic At Hanging Rock;Peter Weir;1975;The BabaDuke;weaselsoup;WaldoJeffers;;;;;;;;;;;;;;;;;;;;;;;;;;;;;;;;
Pierrot Le Fou;Jean-Luc Godard;1965;kevzero;freakynaught;;;;;;;;;;;;;;;;;;;;;;;;;;;;;;;;;
Pinocchio;Hamilton Luske and Ben Sharpsteen;1940;man-in-the-moon-man;;;;;;;;;;;;;;;;;;;;;;;;;;;;;;;;;;
Planes, Trains, And Automobiles;John Hughes;1987;BeardedPancakes;;;;;;;;;;;;;;;;;;;;;;;;;;;;;;;;;;
Playtime;Jacques Tati;1967;Grumproro;;;;;;;;;;;;;;;;;;;;;;;;;;;;;;;;;;
Pleasantville;Gary Ross;1998;Sheriff Lobo;Ifwewait;;;;;;;;;;;;;;;;;;;;;;;;;;;;;;;;;
Ponyo;Hayao Miyizaki;2008;Girard;;;;;;;;;;;;;;;;;;;;;;;;;;;;;;;;;;
Portrait Of Jason;Shirley Clarke;1967;Lovely Bones;;;;;;;;;;;;;;;;;;;;;;;;;;;;;;;;;;
Predator;John McTiernan;1987;CheeseWizard;Ben;Biff;Werdup;;;;;;;;;;;;;;;;;;;;;;;;;;;;;;;
The Prestige;Christopher Nolan;2006;Great Boos Up;Sandwich Tunes;Canadave87;ImpossibleTreeSloth;El Marchko;;;;;;;;;;;;;;;;;;;;;;;;;;;;;;
The Prime Of Miss Jean Brodie;Ronald Neame;1969;bmoore4026;;;;;;;;;;;;;;;;;;;;;;;;;;;;;;;;;;
Primer;Shane Carruth;2004;MattS;;;;;;;;;;;;;;;;;;;;;;;;;;;;;;;;;;
The Prince Of Egypt;Brenda Chapman, Steve Hickner, and Simon Wells;1998;saggitariuskim;;;;;;;;;;;;;;;;;;;;;;;;;;;;;;;;;;
The Princess Bride;Rob Reiner;1987;future-ex Mrs. Malcolm;SilentSpy;Krellis;Edgar Allan Hoe;RiverSong;Gougagna;Ben Grimm;Beasterly;blackmoon eleven;Ifwewait;El Santo;adam farrar;Annanomally;Dr Orchid;Jimmy James, MBDW;Toasterlad;;;;;;;;;;;;;;;;;;;
Princess Mononoke;Hayao Miyizaki;1997;lutair;Pulprobot;RobertPostsChild;Chicken of Tomorrow;Razz Matazz;Platformula;intangible fancy;Qualifiersrep;;;;;;;;;;;;;;;;;;;;;;;;;;;
The Producers;Mel Brooks;1968;bluelightspecial;;;;;;;;;;;;;;;;;;;;;;;;;;;;;;;;;;
Project A;Jackie Chan;1983;RobertPostsChild;;;;;;;;;;;;;;;;;;;;;;;;;;;;;;;;;;
The Protector;Prachya Pinkaew;2005;Flesh;;;;;;;;;;;;;;;;;;;;;;;;;;;;;;;;;;
Psycho;Alfred Hitchcock;1960;BeardedPancakes;longbox jockey;DaughterofUhtred;LJo1;Beasterly;Aiwendil;I Am A Cyentist;Ophelia's Revenge;;;;;;;;;;;;;;;;;;;;;;;;;;;
Pulp Fiction;Quentin Tarantino;1994;Matt Scanlon;Whovian;This Time, It's Personal!;scrappybilly;Fat Mortician;Blargg;Bulldada;KGB;Side Character;WM;Refer Madness;Beasterly;SlamAdams;The Landstander;Ifwewait;exexalien;Emperor Snapper;Biff;MattS;Dan Pierce;Jeff Mangum Dong;WilhelmWolff;;;;;;;;;;;;;
Punch-Drunk Love;Paul Thomas Anderson;2002;Coolhand Fluke;;;;;;;;;;;;;;;;;;;;;;;;;;;;;;;;;;
Quatermass And The Pit;Roy Ward Baker;1967;Megara Justice Machine;;;;;;;;;;;;;;;;;;;;;;;;;;;;;;;;;;
Quigley Down Under;Simon Wincer;1990;bortman;;;;;;;;;;;;;;;;;;;;;;;;;;;;;;;;;;
Quiz Show;Robert Redford;1994;bortman;;;;;;;;;;;;;;;;;;;;;;;;;;;;;;;;;;
Rachel Getting Married;Jonathan Demme;2008;Just Ask This Scientician;;;;;;;;;;;;;;;;;;;;;;;;;;;;;;;;;;
Raging Bull;Martin Scorsese;1980;The Thin White Duke;A Talking Banana!?!;WaldoJeffers;;;;;;;;;;;;;;;;;;;;;;;;;;;;;;;;
The Raid: Berandal;Gareth Evans;2014;thad barkley;;;;;;;;;;;;;;;;;;;;;;;;;;;;;;;;;;
The Raid: Redemption;Gareth Evans;2011;Gilles De Raisin Bran;SeedyC;;;;;;;;;;;;;;;;;;;;;;;;;;;;;;;;;
Raiders Of The Lost Ark;Steven Spielberg;1981;Immortan Scott;Whovian;scrappybilly;Manuel Faces;Harvey Dent;Pulprobot;Great Boos Up;Krellis;His Noodly Appendage;Rex Banner;The Sigil of LLVVRR;Tereglith;TheCleverGuy;LJo1;Beasterly;Joey Blowey;InnDE;LouieBlue;Buck Dharma Initiative;CheeseWizard;JonHamm'sJohnHamm;SlamAdams;The Landstander;Ben;El Santo;The Pho;Biff;Destroy Him My Robots;Adrian Pimento;Dan Pierce;norma jean monster;Toasterlad;;;
Raising Arizona;Joel and Ethan Coen;1987;The Thin White Duke;Corporal Hicks;longbox jockey;bortman;Ben Grimm;exexalien;Poseur;norma jean monster;;;;;;;;;;;;;;;;;;;;;;;;;;;
Ran;Akira Kurosawa;1985;Wes Lawson;WM;ThingyBlahBlah3;CineCraft;;;;;;;;;;;;;;;;;;;;;;;;;;;;;;;
Rashomon;Akira Kurosawa;1950;Dr. Julius Tonberry;PeaceNickel;;;;;;;;;;;;;;;;;;;;;;;;;;;;;;;;;
Ratatouille;Brad Bird;2007;Doctor Nick;Other Guy;;;;;;;;;;;;;;;;;;;;;;;;;;;;;;;;;
Ratcatcher;Lynne Ramsay;1999;quietinstrumentals;;;;;;;;;;;;;;;;;;;;;;;;;;;;;;;;;;
Rear Window;Alfred Hitchcock;1954;Elliot Thomas;Harvey Dent;SingingBrakeman;A Talking Banana!?!;AlternativeUsername;Edgar Allan Hoe;ArchieLeech;Beasterly;SocksForBoomer;MattS;polly shouldn't be;Sy_Snootles_Is_Hot;;;;;;;;;;;;;;;;;;;;;;;
The Red Shoes;Michael Powell and Emeric Pressburger;1948;Tintin Quarantino;;;;;;;;;;;;;;;;;;;;;;;;;;;;;;;;;;
Reefer Madness: The Movie Musical;Andy Fickman;2005;Raven Wilder;;;;;;;;;;;;;;;;;;;;;;;;;;;;;;;;;;
Repo Man;Alex Cox;1984;Gilles De Raisin Bran;TaumpyTearrs;Bresson's Windmill Farm;Spituna;exorcissy72;;;;;;;;;;;;;;;;;;;;;;;;;;;;;;
Repulsion;Roman Polanski;1965;allstonwolfspider;Qualifiersrep;;;;;;;;;;;;;;;;;;;;;;;;;;;;;;;;;
Requiem For A Dream;Darren Aronofsky;2000;Blargg;;;;;;;;;;;;;;;;;;;;;;;;;;;;;;;;;;
Reservoir Dogs;Quentin Tarantino;1992;BeardedPancakes;The Thin White Duke;InnDE;;;;;;;;;;;;;;;;;;;;;;;;;;;;;;;;
Return Of The Jedi;Richard Marquand;1983;Zkywalker;Cigarette;Professor Lavabot;Buck Dharma Initiative;;;;;;;;;;;;;;;;;;;;;;;;;;;;;;;
Return To Oz;Walter Murch;1985;Cigarette;;;;;;;;;;;;;;;;;;;;;;;;;;;;;;;;;;
The Road;John Hillcoat;2009;Awesome to the Mad Max;;;;;;;;;;;;;;;;;;;;;;;;;;;;;;;;;;
Road House;Rowdy Herrington;1989;Werdup;;;;;;;;;;;;;;;;;;;;;;;;;;;;;;;;;;
The Road Warrior;George Miller;1981;Joey Blowey;Swampgas_Man;dw;;;;;;;;;;;;;;;;;;;;;;;;;;;;;;;;
Robin Hood;Wolfgang Reitherman;1973;VERB THE ADJECTIVE NOUN;;;;;;;;;;;;;;;;;;;;;;;;;;;;;;;;;;
RoboCop;Paul Verhoeven;1987;BannerThief;Lockeout;Other Guy;Warrior;Science is Bad;The Landstander;Ben;El Santo;adam farrar;itbegins2005;exorcissy72;phillysportsfan;coffee_mug;;;;;;;;;;;;;;;;;;;;;;
Rock 'n' Roll High School;Allan Arkush;1979;Werdup;;;;;;;;;;;;;;;;;;;;;;;;;;;;;;;;;;
Rocky;John G. Avilden;1976;PowerThirteen;dw;;;;;;;;;;;;;;;;;;;;;;;;;;;;;;;;;
Rogue One: A Star Wars Story;Gareth Edwards;2016;MisterSplendiferous;Jackie O Shades;;;;;;;;;;;;;;;;;;;;;;;;;;;;;;;;;
Roman Holiday;William Wyler;1953;The Internet's Cappadocius;;;;;;;;;;;;;;;;;;;;;;;;;;;;;;;;;;
Rome, Open City;Roberto Rossellini;1945;Laszlo Panaflex;;;;;;;;;;;;;;;;;;;;;;;;;;;;;;;;;;
Romeo + Juliet;Baz Luhrmann;1996;Ophelia's Revenge;;;;;;;;;;;;;;;;;;;;;;;;;;;;;;;;;;
Romy And Michele's High School Reunion;David Mirkin;1997;Mustard Of Doom;;;;;;;;;;;;;;;;;;;;;;;;;;;;;;;;;;
Room;Lenny Abrahamson;2015;ItsCalledTheToddProblem;;;;;;;;;;;;;;;;;;;;;;;;;;;;;;;;;;
Rope;Alfred Hitchcock;1948;ItsCalledTheToddProblem;;;;;;;;;;;;;;;;;;;;;;;;;;;;;;;;;;
Rosemary's Baby;Roman Polanski;1968;molly man;;;;;;;;;;;;;;;;;;;;;;;;;;;;;;;;;;
The Royal Tenenbaums;Wes Anderson;2001;Manuel Faces;Great Boos Up;Robert Maitland, Architect;SilentSpy;Corporal Hicks;His Noodly Appendage;bluelightspecial;exexalien;adam farrar;;;;;;;;;;;;;;;;;;;;;;;;;;
The Rules Of The Game;Jean Renoir;1939;CineCraft;;;;;;;;;;;;;;;;;;;;;;;;;;;;;;;;;;
The Ruling Class;Peter Medak;1972;Spiro Agnew;;;;;;;;;;;;;;;;;;;;;;;;;;;;;;;;;;
Rushmore;Wes Anderson;1998;intangible fancy;;;;;;;;;;;;;;;;;;;;;;;;;;;;;;;;;;
Salaam Bombay!;Mira Nair;1988;Spituna;;;;;;;;;;;;;;;;;;;;;;;;;;;;;;;;;;
Le Samourai;Jean-Pierre Melville;1967;kevzero;thad barkley;;;;;;;;;;;;;;;;;;;;;;;;;;;;;;;;;
Satantango;Bela Tarr;1994;The Sigil of LLVVRR;;;;;;;;;;;;;;;;;;;;;;;;;;;;;;;;;;
Saving Private Ryan;Steven Spielberg;1998;PRIVILEGED;The Pho;;;;;;;;;;;;;;;;;;;;;;;;;;;;;;;;;
Schindler's List;Steven Spielberg;1993;Matt Scanlon;DaughterofUhtred;;;;;;;;;;;;;;;;;;;;;;;;;;;;;;;;;
Scott Pilgrim V.S. The World;Edgar Wright;2010;Krellis;Blargg;Zach and Coke;Side Character;Mustard Of Doom;GoochExtension;errday;Dan Pierce;gogiggs;;;;;;;;;;;;;;;;;;;;;;;;;;
The Searchers;John Ford;1956;Immortan Scott;Laszlo Panaflex;;;;;;;;;;;;;;;;;;;;;;;;;;;;;;;;;
Selma;Ava DuVernay;2014;Aoqi888;;;;;;;;;;;;;;;;;;;;;;;;;;;;;;;;;;
A Separation;Asghar Farhadi;2011;Poseur;;;;;;;;;;;;;;;;;;;;;;;;;;;;;;;;;;
Serenity;Joss Whedon;2005;saggitariuskim;weaselsoup;El Marinero;Ifwewait;;;;;;;;;;;;;;;;;;;;;;;;;;;;;;;
Seven;David Fincher;1995;A Winged Potato;DaughterofUhtred;Refer Madness;How to Get Away with Mordor;;;;;;;;;;;;;;;;;;;;;;;;;;;;;;;
Seven Chances;Buster Keaton;1925;jroberts548;;;;;;;;;;;;;;;;;;;;;;;;;;;;;;;;;;
Seven Samurai;Akira Kurosawa;1954;Immortan Scott;romanes eunt domus;fenton;longbox jockey;RobertPostsChild;Corn;The Fissure King;LouieBlue;A Dopehead in a Cubs Cap;adam farrar;Poseur;Destroy Him My Robots;exorcissy72;;;;;;;;;;;;;;;;;;;;;;
Shampoo;Hal Ashby;1975;ArchieLeech;;;;;;;;;;;;;;;;;;;;;;;;;;;;;;;;;;
The Shape Of Water;Guillermo del Toro;2017;DaughterofUhtred;;;;;;;;;;;;;;;;;;;;;;;;;;;;;;;;;;
Shaun Of The Dead;Edgar Wright;2004;bluelightspecial;TheCleverGuy;El Marinero;WaldoJeffers;insidemyhead;emmelemm;;;;;;;;;;;;;;;;;;;;;;;;;;;;;
The Shawshank Redemption;Frank Darabont;1994;TheCleverGuy;DaughterofUhtred;Chicken of Tomorrow;bortman;GoochExtension;InnDE;bmoore4026;;;;;;;;;;;;;;;;;;;;;;;;;;;;
The Shining;Stanley Kubrick;1980;Gilles De Raisin Bran;Fat Mortician;Shugah;Grumproro;Pringles;Adrian Pimento;insidemyhead;Ophelia's Revenge;Aranaktu;;;;;;;;;;;;;;;;;;;;;;;;;;
Shoah;Claude Lanzmann;1985;Mirage;CineCraft;;;;;;;;;;;;;;;;;;;;;;;;;;;;;;;;;
The Silence Of The Lambs;Jonathan Demme;1991;A Winged Potato;This Time, It's Personal!;DaughterofUhtred;Chicken of Tomorrow;;;;;;;;;;;;;;;;;;;;;;;;;;;;;;;
Silent Running;Douglas Trumbull;1972;longbox jockey;;;;;;;;;;;;;;;;;;;;;;;;;;;;;;;;;;
Singin' In The Rain;Stanley Donen and Gene Kelly;1952;Immortan Scott;Elliot Thomas;Manuel Faces;The BabaDuke;ArchieLeech;How to Get Away with Mordor;;;;;;;;;;;;;;;;;;;;;;;;;;;;;
Sleeping Beauty;Clyde Geronimi;1959;bmoore4026;;;;;;;;;;;;;;;;;;;;;;;;;;;;;;;;;;
Smilin' Through;Frank Borzage;1932;freakynought;;;;;;;;;;;;;;;;;;;;;;;;;;;;;;;;;;
Snatch;Guy Ritchie;2000;NUME;;;;;;;;;;;;;;;;;;;;;;;;;;;;;;;;;;
Sneakers;Phil Alden Robinson;1992;Professor Lavabot;;;;;;;;;;;;;;;;;;;;;;;;;;;;;;;;;;
Snow White And The Seven Dwarfs;David Hand;1937;I Am A Cyentist;bmoore4026;;;;;;;;;;;;;;;;;;;;;;;;;;;;;;;;;
The Social Network;David Fincher;2010;Promethea;The Prighlofone;Sandwich Tunes;Platformula;Dan Pierce;;;;;;;;;;;;;;;;;;;;;;;;;;;;;;
Solaris;Andrei Tarkovsky;1972;Totalitarian Vegetables;The BabaDuke;Mindymoo;;;;;;;;;;;;;;;;;;;;;;;;;;;;;;;;
Songs From The Second Floor;Roy Andersson;2000;weaselsoup;;;;;;;;;;;;;;;;;;;;;;;;;;;;;;;;;;
Sorcerer;William Friedkin;1977;RobertPostsChild;;;;;;;;;;;;;;;;;;;;;;;;;;;;;;;;;;
The Sound Of Music;Robert Wise;1965;Sheriff Lobo;Pringles;;;;;;;;;;;;;;;;;;;;;;;;;;;;;;;;;
Source Code;Duncan Jones;2011;The Thin White Duke;;;;;;;;;;;;;;;;;;;;;;;;;;;;;;;;;;
Soylent Green;Richard Fleischer;1973;phillysportsfan;;;;;;;;;;;;;;;;;;;;;;;;;;;;;;;;;;
Speed Racer;Lana and Lilly Wachowski;2008;Zeussical;;;;;;;;;;;;;;;;;;;;;;;;;;;;;;;;;;
Spider-Man 2;Sam Raimi;2004;dw;;;;;;;;;;;;;;;;;;;;;;;;;;;;;;;;;;
Spirited Away;Hayao Miyizaki;2001;Jaye Tyler;Side Character;Science is Bad;How to Get Away with Mordor;clem;CheeseWizard;Jason P;Max_Jets;;;;;;;;;;;;;;;;;;;;;;;;;;;
Spring Breakers;Harmony Korine;2012;Cigarette;;;;;;;;;;;;;;;;;;;;;;;;;;;;;;;;;;
Spring, Summer, Fall, Winter... And Spring;Kim Ki-duk;2003;Jason P;;;;;;;;;;;;;;;;;;;;;;;;;;;;;;;;;;
The Squid And The Whale;Noah Baumbach;2005;WM;;;;;;;;;;;;;;;;;;;;;;;;;;;;;;;;;;
Stalker;Andrei Tarkovsky;1979;The Sigil of LLVVRR;Totalitarian Vegetables;;;;;;;;;;;;;;;;;;;;;;;;;;;;;;;;;
Stand By Me;Rob Reiner;1986;Elliot Thomas;Ifwewait;;;;;;;;;;;;;;;;;;;;;;;;;;;;;;;;;
A Star Is Born;George Cukor;1954;freakynought;;;;;;;;;;;;;;;;;;;;;;;;;;;;;;;;;;
Star Trek II: The Wrath Of Khan;Nicholas Meyer;1982;Whovian;TheCleverGuy;Chico McDirk;Canadave87;Ben Grimm;SimonDelMonte;Cop on the Edge-ish;itbegins2005;;;;;;;;;;;;;;;;;;;;;;;;;;;
Star Trek IV: The Voyage Home;Leonard Nimoy;1986;Tavernacle;Zeussical;;;;;;;;;;;;;;;;;;;;;;;;;;;;;;;;;
Star Trek VI: The Undiscovered Country;Nicholas Meyer;1991;Trance;;;;;;;;;;;;;;;;;;;;;;;;;;;;;;;;;;
Star Wars;George Lucas;1977;Matt Scanlon;Jaye Tyler;Councilman_Les_Wynan;Krellis;His Noodly Appendage;Rex Banner;TheCleverGuy;AlternativeUsername;Mustard Of Doom;Gougagna;Ben Grimm;LibraryLass;Simon DelMonte;Beasterly;Joey Blowey;InnDE;Dr. Julius Tonberry;Aiwendil;kevzero;El Santo;emmelemm;Jimmy James, MBDW;Dan Pierce;Captain Dada;Sy_Snootles_Is_Hot;;;;;;;;;;
The Star Wars trilogy;Irvin Kershner, George Lucas, and Richard Marquand;1977-1983;Lockeout;;;;;;;;;;;;;;;;;;;;;;;;;;;;;;;;;;
Star Wars: The Last Jedi;Rian Johnson;2017;Owen1120;LibraryLass;errday;Annanomally;;;;;;;;;;;;;;;;;;;;;;;;;;;;;;;
Starship Troopers;Paul Verhoeven;1997;emmelemm;;;;;;;;;;;;;;;;;;;;;;;;;;;;;;;;;;
Step Brothers;Adam McKay;2008;PRIVILEGED;Zach and Coke;;;;;;;;;;;;;;;;;;;;;;;;;;;;;;;;;
Step Up 4;Scott Speer;2012;Flesh;;;;;;;;;;;;;;;;;;;;;;;;;;;;;;;;;;
The Sting;George Roy Hill;1973;Manuel Faces;LouieBlue;The Pho;;;;;;;;;;;;;;;;;;;;;;;;;;;;;;;;
Stoker;Park Chan-wook;2013;VERB THE ADJECTIVE NOUN;;;;;;;;;;;;;;;;;;;;;;;;;;;;;;;;;;
Stop Making Sense;Jonathan Demme;1984;Robert Maitland, Architect;;;;;;;;;;;;;;;;;;;;;;;;;;;;;;;;;;
Stories We Tell;Sarah Polley;2012;Lovely Bones;;;;;;;;;;;;;;;;;;;;;;;;;;;;;;;;;;
La Strada;Federico Felliniy;1954;WM;;;;;;;;;;;;;;;;;;;;;;;;;;;;;;;;;;
Straight Time;Ulu Grosbard;1978;Ribbon Clerk;;;;;;;;;;;;;;;;;;;;;;;;;;;;;;;;;;
Strange Days;Kathryn Bigelow;1995;Shugah;;;;;;;;;;;;;;;;;;;;;;;;;;;;;;;;;;
Stranger Than Fiction;Marc Forster;2006;Israeli Remake of Montypark;The Internet's Cappadocius;;;;;;;;;;;;;;;;;;;;;;;;;;;;;;;;;
The Strangers;Bryan Bertino;2008;hohodor;;;;;;;;;;;;;;;;;;;;;;;;;;;;;;;;;;
Strangers On A Train;Alfred Hitchcock;1951;molly man;;;;;;;;;;;;;;;;;;;;;;;;;;;;;;;;;;
Stray Dog;Akira Kurosawa;1949;HobbesMk2;;;;;;;;;;;;;;;;;;;;;;;;;;;;;;;;;;
Street Fighter;Steven de Souza;1994;Zeussical;;;;;;;;;;;;;;;;;;;;;;;;;;;;;;;;;;
Streets Of Fire;Walter Hill;1984;thad barkley;;;;;;;;;;;;;;;;;;;;;;;;;;;;;;;;;;
Stripes;Ivan Reitman;1981;hohodor;;;;;;;;;;;;;;;;;;;;;;;;;;;;;;;;;;
The Stunt Man;Richard Rush;1980;exorcissy72;;;;;;;;;;;;;;;;;;;;;;;;;;;;;;;;;;
Summer Wars;Mamoru Hosoda;2009;Zeussical;;;;;;;;;;;;;;;;;;;;;;;;;;;;;;;;;;
Sunset Boulevard;Billy Wilder;1950;future-ex Mrs. Malcolm;Warrior;Destroy Him My Robots;jroberts548;molly man;;;;;;;;;;;;;;;;;;;;;;;;;;;;;;
Sunshine;Danny Boyle;2007;Razz Matazz;;;;;;;;;;;;;;;;;;;;;;;;;;;;;;;;;;
Super;James Gunn;2010;TaumpyTearrs;;;;;;;;;;;;;;;;;;;;;;;;;;;;;;;;;;
Super Troopers;Jay Chandrasekhar;2001;TheCleverGuy;;;;;;;;;;;;;;;;;;;;;;;;;;;;;;;;;;
Superbad;Greg Mottola;2007;The Prighlofone;Israeli Remake of Montypark;;;;;;;;;;;;;;;;;;;;;;;;;;;;;;;;;
Superman;Richard Donner;1978;Zeussical;Great Boos Up;MisterSplendiferous;Ben Grimm;LibraryLass;;;;;;;;;;;;;;;;;;;;;;;;;;;;;;
The Sweet Hereafter;Atom Egoyan;1997;Mirage;;;;;;;;;;;;;;;;;;;;;;;;;;;;;;;;;;
Sweet Smell Of Success;Alexander Mackendrick;1957;The BabaDuke;;;;;;;;;;;;;;;;;;;;;;;;;;;;;;;;;;
Swiss Army Man;Daniel Kwan and Daniel Scheinert;2016;Owen1120;;;;;;;;;;;;;;;;;;;;;;;;;;;;;;;;;;
Synecdoche, New York;Charlie Kaufman;2008;Mirage;Disgruntled Goat;GoochExtension;;;;;;;;;;;;;;;;;;;;;;;;;;;;;;;;
THX 1138;George Lucas;1971;subsaharan;;;;;;;;;;;;;;;;;;;;;;;;;;;;;;;;;;
The Taking Of Pelham 1-2-3;Joseph Sargent;1974;Pops Freshenmeyer;;;;;;;;;;;;;;;;;;;;;;;;;;;;;;;;;;
Talk To Her;Pedro Almodovar;2002;The Fissure King;Simon DelMonte;;;;;;;;;;;;;;;;;;;;;;;;;;;;;;;;;
Tampopo;Juzo Itami;1985;fenton;;;;;;;;;;;;;;;;;;;;;;;;;;;;;;;;;;
Tangled;Nathan Greno and Byron Howard;2010;LibraryLass;;;;;;;;;;;;;;;;;;;;;;;;;;;;;;;;;;
Taxi Driver;Martin Scorsese;1976;Immortan Scott;Ribbon Clerk;Fat Mortician;Councilman_Les_Wynan;Shugah;The Fissure King;JonHamm'sJohnHam;SlamAdams;A Dopehead in a Cubs Cup;molly man;;;;;;;;;;;;;;;;;;;;;;;;;
The Terminator;James Cameron;1984;Ben;Jackie O Shades;;;;;;;;;;;;;;;;;;;;;;;;;;;;;;;;;
Terminator 2: Judgment Day;James Cameron;1991;Uncanny Valet;MisterSplendiferous;GoochExtension;weaselsoup;Buck Dharma Initiative;Ifwewait;itbegins2005;insidemyhead;;;;;;;;;;;;;;;;;;;;;;;;;;;
The Texas Chain Saw Massacre;Tobe Hooper;1974;MattS;;;;;;;;;;;;;;;;;;;;;;;;;;;;;;;;;;
That Man From Rio;Philippe De Broca;1964;thad barkley;;;;;;;;;;;;;;;;;;;;;;;;;;;;;;;;;;
That Thing You Do!;Tom Hanks;1996;KGB;;;;;;;;;;;;;;;;;;;;;;;;;;;;;;;;;;
There Will Be Blood;Paul Thomas Anderson;2007;Sheltie;BannerThief;The Thin White Duke;Mindymoo;SeedyC;Biff;subsaharan;El Marchko;Aranaktu;;;;;;;;;;;;;;;;;;;;;;;;;;
They Live;John Carpenter;1988;Warrior;Ben Grimm;;;;;;;;;;;;;;;;;;;;;;;;;;;;;;;;;
The Thin Man;W.S. Van Dyke;1934;PowerThirteen;;;;;;;;;;;;;;;;;;;;;;;;;;;;;;;;;;
The Thing;John Carpenter;1982;Whovian;Gilles De Raisin Bran;This Time, It's Personal!;Sheltie;BeardedPancakes;Harvey Dent;Uncanny Valet;SingingBrakeman;Sheriff Lobo;AlanWilder;hohodor;Science is Bad;Canadave87;LibraryLass;clem;VERB THE ADJECTIVE NOUN;CheeseWizard;Poseur;emmelemm;Jimmy James, MBDW;norma jean monster;Sy_Snootles_Is_Hot;Qualifiersrep;;;;;;;;;;;;
The Third Man;Carol Reed;1949;Wallis Lane;Robert Maitland, Architect;SingingBrakeman;RobertPostsChild;quietinstrumentals;ThingyBlahBlah3;adam farrar;jroberts548;Sy_Snootles_Is_Hot;;;;;;;;;;;;;;;;;;;;;;;;;;
This Is Spinal Tap;Rob Reiner;1984;Pauli;Just Ask This Scientician;Gougagna;CheeseWizard;norma jean monster;gogiggs;Sy_Snootles_Is_Hot;;;;;;;;;;;;;;;;;;;;;;;;;;;;
This Sporting Life;Lindsay Anderson;1963;ImpossibleTreeSloth;;;;;;;;;;;;;;;;;;;;;;;;;;;;;;;;;;
Thor: Ragnarok;Taika Waititi;2017;Zach and Coke;RiverSong;Werdup;;;;;;;;;;;;;;;;;;;;;;;;;;;;;;;;
Throne Of Blood;Akira Kurosawa;1957;His Noodly Appendage;My Pen!;worker201;;;;;;;;;;;;;;;;;;;;;;;;;;;;;;;;
Through A Glass Darkly;Ingmar Bergman;1961;Manuel Faces;;;;;;;;;;;;;;;;;;;;;;;;;;;;;;;;;;
Tim And Eric's Billion Dollar Movie;Tim Heidecker and Eric Wareheim;2012;ItsCalledTheToddProblem;;;;;;;;;;;;;;;;;;;;;;;;;;;;;;;;;;
The Time Machine;George Pal;1960;Trance;;;;;;;;;;;;;;;;;;;;;;;;;;;;;;;;;;
Tinker Tailor Soldier Spy;Tomas Alfredson;2011;fenton;Chuck Kloster Wallace;;;;;;;;;;;;;;;;;;;;;;;;;;;;;;;;;
To Be Or Not To Be;Ernst Lubitsch;1942;romanes eunt domus;;;;;;;;;;;;;;;;;;;;;;;;;;;;;;;;;;
To Catch A Thief;Alfred Hitchcock;1955;Chicken of Tomorrow;;;;;;;;;;;;;;;;;;;;;;;;;;;;;;;;;;
To Have And Have Not;Howard Hawks;1944;ArchieLeech;;;;;;;;;;;;;;;;;;;;;;;;;;;;;;;;;;
To Kill A Mockingbird;Robert Mulligan;1962;Krellis;;;;;;;;;;;;;;;;;;;;;;;;;;;;;;;;;;
Tokyo Story;Yasujiro Ozu;1953;Immortan Scott;lutair;Mirage;Dr. Julius Tonberry;PeaceNickel;;;;;;;;;;;;;;;;;;;;;;;;;;;;;;
Tombstone;George Pan Cosmatos;1993;Spoonzer;;;;;;;;;;;;;;;;;;;;;;;;;;;;;;;;;;
Toni Erdmann;Maren Ade;2016;Qualifiersrep;;;;;;;;;;;;;;;;;;;;;;;;;;;;;;;;;;
Les Tontons Flingueurs;Georges Lautner;1963;romanes eunt domus;;;;;;;;;;;;;;;;;;;;;;;;;;;;;;;;;;
Top Gun;Tony Scott;1986;lutair;;;;;;;;;;;;;;;;;;;;;;;;;;;;;;;;;;
Top Secret!;Jim Abrahams and David Zucker and Jerry Zucker;1984;Dikachu;;;;;;;;;;;;;;;;;;;;;;;;;;;;;;;;;;
Topsy-Turvy;Mike Leigh;1999;gogiggs;;;;;;;;;;;;;;;;;;;;;;;;;;;;;;;;;;
Touch Of Evil;Orson Welles;1958;Robert Maitland, Architect;;;;;;;;;;;;;;;;;;;;;;;;;;;;;;;;;;
Toy Story;John Lasseter;1995;Krellis;Gougagna;The Pho;;;;;;;;;;;;;;;;;;;;;;;;;;;;;;;;
Toy Story 2;John Lasseter;1999;coffee_mug;;;;;;;;;;;;;;;;;;;;;;;;;;;;;;;;;;
Toy Story 3;Lee Unkrich;2010;The Prighlofone;GoochExtension;;;;;;;;;;;;;;;;;;;;;;;;;;;;;;;;;
Trainspotting;Danny Boyle;1996;Fat Moritician;Billy Everyteen;Awesome to the Mad Max;exexalien;Tintin Quarantino;;;;;;;;;;;;;;;;;;;;;;;;;;;;;;
Transformers: The Movie;Nelson Shin;1986;adam farrar;;;;;;;;;;;;;;;;;;;;;;;;;;;;;;;;;;
The Treasure Of The Sierra Madre;John Huston;1948;A Talking Banana!?!;;;;;;;;;;;;;;;;;;;;;;;;;;;;;;;;;;
The Tree Of Life;Terrence Malick;2011;PowerThirteen;Mirage;SeedyC;subsaharan;PeaceNickel;;;;;;;;;;;;;;;;;;;;;;;;;;;;;;
Trees Lounge;Steve Buscemi;1996;Ribbon Clerk;;;;;;;;;;;;;;;;;;;;;;;;;;;;;;;;;;
Tremors;Ron Underwood;1990;Ben;;;;;;;;;;;;;;;;;;;;;;;;;;;;;;;;;;
The Triplets Of Belleville;Sylvain Chomet;2003;Awesome to the Mad Max;;;;;;;;;;;;;;;;;;;;;;;;;;;;;;;;;;
Tron Legacy;Joseph Konsinski;2010;Lockeout;;;;;;;;;;;;;;;;;;;;;;;;;;;;;;;;;;
True Stories;David Byrne;1986;Girard;;;;;;;;;;;;;;;;;;;;;;;;;;;;;;;;;;
Truly, Madly, Deeply;Anthony Minghella;1990;brocked;;;;;;;;;;;;;;;;;;;;;;;;;;;;;;;;;;
The Truman Show;Peter Weir;1998;Promethea;Harvey Dent;SilentSpy;GoochExtension;errday;;;;;;;;;;;;;;;;;;;;;;;;;;;;;;
Twelve Monkeys;Terry Gilliam;1995;Jackie O Shades;;;;;;;;;;;;;;;;;;;;;;;;;;;;;;;;;;
Two-Lane Blacktop;Monte Hellman;1971;Emperor Snapper;;;;;;;;;;;;;;;;;;;;;;;;;;;;;;;;;;
Ugetsu;Kenji Mizoguchi;1953;freakynought;;;;;;;;;;;;;;;;;;;;;;;;;;;;;;;;;;
The Umbrellas Of Cherbourg;Jacques Demy;1964;future-ex Mrs. Malcolm;Bresson's Windmill Farms;;;;;;;;;;;;;;;;;;;;;;;;;;;;;;;;;
The Unberabale Lightness Of Being;Philip Kaufman;1988;brocked;;;;;;;;;;;;;;;;;;;;;;;;;;;;;;;;;;
Uncle Boonmee Who Can Recall His Past Lives;Apichatpong Weerasethakul;2010;Megara Justice Machine;;;;;;;;;;;;;;;;;;;;;;;;;;;;;;;;;;
Under The Skin;Mitch Glazer;2013;Megara Justice Machine;;;;;;;;;;;;;;;;;;;;;;;;;;;;;;;;;;
Universal Soldier: Day Of Reckoning;John Hyams;2012;TaumpyTearrs;;;;;;;;;;;;;;;;;;;;;;;;;;;;;;;;;;
Up;Pete Docter;2009;dw;;;;;;;;;;;;;;;;;;;;;;;;;;;;;;;;;;
V For Vendetta;James McTeigue;2005;Toasterlad;;;;;;;;;;;;;;;;;;;;;;;;;;;;;;;;;;
Vampyr;Carl Theodor Dreyer;1932;Megara Justice Machine;;;;;;;;;;;;;;;;;;;;;;;;;;;;;;;;;;
Vanishing Point;Richard C. Sarafian;1971;kevzero;;;;;;;;;;;;;;;;;;;;;;;;;;;;;;;;;;
Velvet Goldmine;Todd Haynes;1998;Spituna;;;;;;;;;;;;;;;;;;;;;;;;;;;;;;;;;;
Vertigo;Alfred Hitchcock;1956;Immortan Scott;Elliot Thomas;ThingyBlahBlah3;Aiwendil;Emperor Snapper;Poseur;Destroy Him My Robots;man-in-the-moon-man;Adrian Pimento;;;;;;;;;;;;;;;;;;;;;;;;;;
Victor/Victoria;Blake Edwards;1982;bortman;Toasterlad;;;;;;;;;;;;;;;;;;;;;;;;;;;;;;;;;
Videodrome;David Cronenberg;1983;allstonwolfspider;TaumpyTearrs;;;;;;;;;;;;;;;;;;;;;;;;;;;;;;;;;
Village Of The Damned;Wolf Rilla;1960;Trance;;;;;;;;;;;;;;;;;;;;;;;;;;;;;;;;;;
Vivre Sa Vie;Jean-Luc Godard;1962;dw;;;;;;;;;;;;;;;;;;;;;;;;;;;;;;;;;;
Volver;Pedro Almodovar;2006;WM;;;;;;;;;;;;;;;;;;;;;;;;;;;;;;;;;;
The Wages Of Fear;Henri-Georges Clouzot;1953;Mindymoo;;;;;;;;;;;;;;;;;;;;;;;;;;;;;;;;;;
Waiting For Guffman;Christopher Guest;1996;phillysportsfan;;;;;;;;;;;;;;;;;;;;;;;;;;;;;;;;;;
Wake In Fright;Ted Kotcheff;1971;Bresson's Windmill Farms;;;;;;;;;;;;;;;;;;;;;;;;;;;;;;;;;;
Waking Life;Richard Linklater;2001;PeaceNickel;;;;;;;;;;;;;;;;;;;;;;;;;;;;;;;;;;
Walkabout;Nicolas Roeg;1971;weaselsoup;;;;;;;;;;;;;;;;;;;;;;;;;;;;;;;;;;
WALL-E;Andrew Stanton;2008;Sandwich Tunes;Side Character;Professor Lavabot;blackmoon eleven;;;;;;;;;;;;;;;;;;;;;;;;;;;;;;;
Wallace & Gromit: The Curse Of The Were-Rabbit;Steve Box and Nick Park;2005;bluelightspecial;;;;;;;;;;;;;;;;;;;;;;;;;;;;;;;;;;
Waltz With Bashir;Ari Folman;2008;Flesh;;;;;;;;;;;;;;;;;;;;;;;;;;;;;;;;;;
War For The Planet Of The Apes;Matt Reeves;2017;Captain Video;;;;;;;;;;;;;;;;;;;;;;;;;;;;;;;;;;
Wayne's World;Penelope Spheeris;1992;Pauli;The Landstander;exexalien;;;;;;;;;;;;;;;;;;;;;;;;;;;;;;;;
Weekend;Andrew Haigh;2011;Platformula;;;;;;;;;;;;;;;;;;;;;;;;;;;;;;;;;;
Welcome Back, Mr. McDonald;Koki Mitani;1997;Destroy Him My Robots;;;;;;;;;;;;;;;;;;;;;;;;;;;;;;;;;;
Wendy And Lucy;Kelly Reichadrt;2008;Qualifiersrep;;;;;;;;;;;;;;;;;;;;;;;;;;;;;;;;;;
Werckmeister Harmonies;Bela Tarr;2000;The Sigil of LLVVRR;;;;;;;;;;;;;;;;;;;;;;;;;;;;;;;;;;
West Side Story;Jerome Robbins and Robert Wise;1961;The Thin White Duke;LouieBlue;Toasterlad;;;;;;;;;;;;;;;;;;;;;;;;;;;;;;;;
Wet Hot American Summer;David Wain;2001;OccasionalJonathan;MarkoP;;;;;;;;;;;;;;;;;;;;;;;;;;;;;;;;;
What We Do In The Shadows;Jemaine Clement and Taika Waititi;2014;scrappybilly;Future-ex Mrs. Malcolm;Aoqi888;;;;;;;;;;;;;;;;;;;;;;;;;;;;;;;;
What's Eating Gilbert Grape;Lasse Halltrom;1993;Ribbon Clerk;;;;;;;;;;;;;;;;;;;;;;;;;;;;;;;;;;
When Harry Met Sally...;Rob Reiner;1989;Jaye Tyler;Platformula;;;;;;;;;;;;;;;;;;;;;;;;;;;;;;;;;
When We Were Kings;Leon Gast;1996;OccasionalJonathan;;;;;;;;;;;;;;;;;;;;;;;;;;;;;;;;;;
White Heat;Raoul Walsh;1949;molly man;;;;;;;;;;;;;;;;;;;;;;;;;;;;;;;;;;
Who Framed Roger Rabbit?;Robert Zemeckis;1988;Tavernacle;Great Boos Up;Zkywalker;mcquack;Flubba Gunto;insidemyhead;The Internet's Cappadocius;;;;;;;;;;;;;;;;;;;;;;;;;;;;
Who's Afraid Of Virgina Woolf?;Mike Nichols;1966;Wallis Lane;ItsCalledTheToddProblem;;;;;;;;;;;;;;;;;;;;;;;;;;;;;;;;;
The Wild Bunch;Sam Peckinpah;1969;Corporal Hicks;Sprio Agnew;Chuck Kloster Wallace;;;;;;;;;;;;;;;;;;;;;;;;;;;;;;;;
The Wind Rises;Hayao Miyizaki;2013;jroberts548;;;;;;;;;;;;;;;;;;;;;;;;;;;;;;;;;;
Wings Of Desire;Wim Wenders;1987;Other Guy;;;;;;;;;;;;;;;;;;;;;;;;;;;;;;;;;;
Witness;Peter Weir;1985;ImpossibleTreeSloth;;;;;;;;;;;;;;;;;;;;;;;;;;;;;;;;;;
The Wizard Of Oz;Victor Fleming;1939;The BabaDuke;Raven Wilder;Annanomally;I Am A Cyentist;molly man;;;;;;;;;;;;;;;;;;;;;;;;;;;;;;
A Woman Under The Influence;John Cassavetes;1974;Mirage;;;;;;;;;;;;;;;;;;;;;;;;;;;;;;;;;;
Wonder Woman;Patty Jenkins;2017;Annanomally;;;;;;;;;;;;;;;;;;;;;;;;;;;;;;;;;;
World Of Tomorrow;Don Hertzfeldt;2015;Laszlo Panaflex;;;;;;;;;;;;;;;;;;;;;;;;;;;;;;;;;;
The World's End;Edgar Wright;2013;TheNotoriousWIG;;;;;;;;;;;;;;;;;;;;;;;;;;;;;;;;;;
Wreck-It-Ralph;Rich Moore;2012;bluelightspecial;;;;;;;;;;;;;;;;;;;;;;;;;;;;;;;;;;
Y Tu Mama Tambien;Alfonso Cuaron;2001;Razz Matazz;El Marchko;;;;;;;;;;;;;;;;;;;;;;;;;;;;;;;;;
Yi Yi;Edward Yang;2000;fenton;Platformula;;;;;;;;;;;;;;;;;;;;;;;;;;;;;;;;;
Yojimbo;Akira Kurosawa;1961;Sheltie;romanes eunt domus;Science is Bad;Emperor Snapper;jroberts548;;;;;;;;;;;;;;;;;;;;;;;;;;;;;;
Young Frankenstein;Mel Brooks;1974;Great Boos Up;longbox jockey;blackmoon eleven;Toasterlad;;;;;;;;;;;;;;;;;;;;;;;;;;;;;;;
Z;Costa-Gavros;1969;kevzero;;;;;;;;;;;;;;;;;;;;;;;;;;;;;;;;;;
Zodiac;David Fincher;2007;allstonwolfspider;OccasionalJonathan;mcquack;Israeli Remake of Montypark;Corn;InnDE;CheeseWizard;TheNotoriousWIG;Dr Orchid;;;;;;;;;;;;;;;;;;;;;;;;;;
Zombi 2;Lucio Fulci;1979;Warrior;;;;;;;;;;;;;;;;;;;;;;;;;;;;;;;;;;
Zorro: The Gay Blade;Peter Medak;1981;Dikachu;;;;;;;;;;;;;;;;;;;;;;;;;;;;;;;;;;
Zulu;Cy Endfield;1964;Tintin Quarantino;brocked;;;;;;;;;;;;;;;;;;;;;;;;;;;;;;;;;
